msg_id,No.,timestamp,Source,Destination,app_protocol,src_port,dst_port,Length,TCP payload,iRTT,Flags,Request Method,Protocols in frame,message
1,53,9.949863,::1,::1,HTTP,59415,8890,1823,(1747 bytes),0.000077000,"0x018 (PSH, ACK)",GET,null:ipv6:tcp:http,GET /api/contents/Documents/Final_Project/%D7%A7%D7%91%D7%A6%D7%99%20%D7%A2%D7%96%D7%A8/raw_tcp_ip_notebook_fallback_annotated-v1.ipynb/checkpoints?1766592011715 HTTP/1.1
2,67,9.957975,::1,::1,HTTP,59416,8890,1694,(1618 bytes),0.000185000,"0x018 (PSH, ACK)",GET,null:ipv6:tcp:http,GET /api/terminals?1766592011716 HTTP/1.1
3,69,9.958141,::1,::1,HTTP,59417,8890,1693,(1617 bytes),0.000135000,"0x018 (PSH, ACK)",GET,null:ipv6:tcp:http,GET /api/sessions?1766592011717 HTTP/1.1
4,75,9.962243,::1,::1,HTTP,59418,8890,1692,(1616 bytes),0.000126000,"0x018 (PSH, ACK)",GET,null:ipv6:tcp:http,GET /api/kernels?1766592011717 HTTP/1.1
5,77,9.962327,::1,::1,HTTP,59419,8890,1710,(1634 bytes),0.000126000,"0x018 (PSH, ACK)",GET,null:ipv6:tcp:http,GET /api/contents?content=1&hash=0&1766592011718 HTTP/1.1
6,79,10.000786,::1,::1,HTTP/JSON,8890,59416,434,(358 bytes),0.000185000,"0x018 (PSH, ACK)",,null:ipv6:tcp:http:json,"HTTP/1.1 200 OK , JSON (application/json)"
7,81,10.002890,::1,::1,HTTP/JSON,8890,59417,1579,(1503 bytes),0.000135000,"0x018 (PSH, ACK)",,null:ipv6:tcp:http:json,"HTTP/1.1 200 OK , JSON (application/json)"
8,83,10.004642,::1,::1,HTTP/JSON,8890,59418,766,(690 bytes),0.000126000,"0x018 (PSH, ACK)",,null:ipv6:tcp:http:json,"HTTP/1.1 200 OK , JSON (application/json)"
9,85,10.008243,::1,::1,HTTP/JSON,8890,59415,503,(427 bytes),0.000077000,"0x018 (PSH, ACK)",,null:ipv6:tcp:http:json,"HTTP/1.1 200 OK , JSON (application/json)"
10,165,10.040795,::1,::1,HTTP/JSON,8890,59419,4353,(4277 bytes),0.000126000,"0x018 (PSH, ACK)",,null:ipv6:tcp:http:json,"HTTP/1.1 200 OK , JSON (application/json)"
11,173,10.247699,::1,::1,HTTP,59419,8890,1717,(1641 bytes),0.000126000,"0x018 (PSH, ACK)",GET,null:ipv6:tcp:http,GET /aext_assistant_server/get_disk_state?1766592012049 HTTP/1.1
12,177,10.252078,::1,::1,HTTP/JSON,8890,59419,2293,(2217 bytes),0.000126000,"0x018 (PSH, ACK)",,null:ipv6:tcp:http:json,"HTTP/1.1 200 OK , JSON (application/json)"
13,193,10.444963,::1,::1,HTTP,59419,8890,708,(632 bytes),0.000126000,"0x018 (PSH, ACK)",POST,null:ipv6:tcp:http:data-text-lines,POST /aext_assistant_server/sync_disk_state?1766592012245 HTTP/1.1  (text/plain)
14,200,10.453143,::1,::1,HTTP,8890,59419,403,(327 bytes),0.000126000,"0x018 (PSH, ACK)",,null:ipv6:tcp:http,HTTP/1.1 200 OK
15,202,10.645987,::1,::1,HTTP,59419,8890,1776,(1700 bytes),0.000126000,"0x018 (PSH, ACK)",GET,null:ipv6:tcp:http,GET /api/contents/Documents/Final_Project/%D7%A7%D7%91%D7%A6%D7%99%20%D7%94%D7%92%D7%A9%D7%94/project_1.ipynb/checkpoints?1766592012437 HTTP/1.1
16,204,10.657109,::1,::1,HTTP/JSON,8890,59419,503,(427 bytes),0.000126000,"0x018 (PSH, ACK)",,null:ipv6:tcp:http:json,"HTTP/1.1 200 OK , JSON (application/json)"
17,206,10.662745,::1,::1,HTTP,59419,8890,1671,(1595 bytes),0.000126000,"0x018 (PSH, ACK)",GET,null:ipv6:tcp:http,GET /api/kernels?1766592012449 HTTP/1.1
18,207,10.662787,::1,::1,HTTP,59415,8890,1672,(1596 bytes),0.000077000,"0x018 (PSH, ACK)",GET,null:ipv6:tcp:http,GET /api/sessions?1766592012450 HTTP/1.1
19,210,10.663316,::1,::1,HTTP,59418,8890,1673,(1597 bytes),0.000126000,"0x018 (PSH, ACK)",GET,null:ipv6:tcp:http,GET /api/terminals?1766592012450 HTTP/1.1
20,212,10.663679,::1,::1,HTTP,59417,8890,1689,(1613 bytes),0.000135000,"0x018 (PSH, ACK)",GET,null:ipv6:tcp:http,GET /api/contents?content=1&hash=0&1766592012451 HTTP/1.1
21,214,10.665147,::1,::1,HTTP/JSON,8890,59419,766,(690 bytes),0.000126000,"0x018 (PSH, ACK)",,null:ipv6:tcp:http:json,"HTTP/1.1 200 OK , JSON (application/json)"
22,216,10.666423,::1,::1,HTTP/JSON,8890,59415,1579,(1503 bytes),0.000077000,"0x018 (PSH, ACK)",,null:ipv6:tcp:http:json,"HTTP/1.1 200 OK , JSON (application/json)"
23,218,10.669425,::1,::1,HTTP/JSON,8890,59418,434,(358 bytes),0.000126000,"0x018 (PSH, ACK)",,null:ipv6:tcp:http:json,"HTTP/1.1 200 OK , JSON (application/json)"
24,298,10.706030,::1,::1,HTTP/JSON,8890,59417,4353,(4277 bytes),0.000135000,"0x018 (PSH, ACK)",,null:ipv6:tcp:http:json,"HTTP/1.1 200 OK , JSON (application/json)"
25,308,10.931395,::1,::1,HTTP,59417,8890,1696,(1620 bytes),0.000135000,"0x018 (PSH, ACK)",GET,null:ipv6:tcp:http,GET /aext_assistant_server/get_disk_state?1766592012725 HTTP/1.1
26,310,10.935053,::1,::1,HTTP,59418,8890,1717,(1641 bytes),0.000126000,"0x018 (PSH, ACK)",GET,null:ipv6:tcp:http,GET /aext_assistant_server/get_disk_state?1766592012734 HTTP/1.1
27,314,10.935193,::1,::1,HTTP/JSON,8890,59417,1212,(1136 bytes),0.000135000,"0x018 (PSH, ACK)",,null:ipv6:tcp:http:json,"HTTP/1.1 200 OK , JSON (application/json)"
28,320,10.940463,::1,::1,HTTP/JSON,8890,59418,1212,(1136 bytes),0.000126000,"0x018 (PSH, ACK)",,null:ipv6:tcp:http:json,"HTTP/1.1 200 OK , JSON (application/json)"
29,356,11.128748,::1,::1,HTTP,59421,8890,1789,(1713 bytes),0.000075000,"0x018 (PSH, ACK)",POST,null:ipv6:tcp:http:data-text-lines,POST /aext_assistant_server/sync_disk_state?1766592012924 HTTP/1.1  (text/plain)
30,360,11.135150,::1,::1,HTTP,8890,59421,403,(327 bytes),0.000075000,"0x018 (PSH, ACK)",,null:ipv6:tcp:http,HTTP/1.1 200 OK
31,371,11.295214,::1,::1,HTTP,59421,8890,708,(632 bytes),0.000075000,"0x018 (PSH, ACK)",POST,null:ipv6:tcp:http:data-text-lines,POST /aext_assistant_server/sync_disk_state?1766592013093 HTTP/1.1  (text/plain)
32,374,11.299496,::1,::1,HTTP,8890,59421,403,(327 bytes),0.000075000,"0x018 (PSH, ACK)",,null:ipv6:tcp:http,HTTP/1.1 200 OK
33,383,12.665398,::1,::1,HTTP,59421,8890,1776,(1700 bytes),0.000075000,"0x018 (PSH, ACK)",GET,null:ipv6:tcp:http,GET /api/contents/Documents/Final_Project/%D7%A7%D7%91%D7%A6%D7%99%20%D7%94%D7%92%D7%A9%D7%94/project_1.ipynb/checkpoints?1766592014467 HTTP/1.1
34,385,12.672231,::1,::1,HTTP/JSON,8890,59421,503,(427 bytes),0.000075000,"0x018 (PSH, ACK)",,null:ipv6:tcp:http:json,"HTTP/1.1 200 OK , JSON (application/json)"
35,387,12.729878,::1,::1,HTTP,59421,8890,1823,(1747 bytes),0.000075000,"0x018 (PSH, ACK)",GET,null:ipv6:tcp:http,GET /api/contents/Documents/Final_Project/%D7%A7%D7%91%D7%A6%D7%99%20%D7%A2%D7%96%D7%A8/raw_tcp_ip_notebook_fallback_annotated-v1.ipynb/checkpoints?1766592014531 HTTP/1.1
36,389,12.736401,::1,::1,HTTP/JSON,8890,59421,503,(427 bytes),0.000075000,"0x018 (PSH, ACK)",,null:ipv6:tcp:http:json,"HTTP/1.1 200 OK , JSON (application/json)"
37,399,14.677500,::1,::1,HTTP,59421,8890,1776,(1700 bytes),0.000075000,"0x018 (PSH, ACK)",GET,null:ipv6:tcp:http,GET /api/contents/Documents/Final_Project/%D7%A7%D7%91%D7%A6%D7%99%20%D7%94%D7%92%D7%A9%D7%94/project_1.ipynb/checkpoints?1766592016477 HTTP/1.1
38,401,14.683405,::1,::1,HTTP/JSON,8890,59421,503,(427 bytes),0.000075000,"0x018 (PSH, ACK)",,null:ipv6:tcp:http:json,"HTTP/1.1 200 OK , JSON (application/json)"
39,429,16.689795,::1,::1,HTTP,59426,8890,1776,(1700 bytes),0.000121000,"0x018 (PSH, ACK)",GET,null:ipv6:tcp:http,GET /api/contents/Documents/Final_Project/%D7%A7%D7%91%D7%A6%D7%99%20%D7%94%D7%92%D7%A9%D7%94/project_1.ipynb/checkpoints?1766592018489 HTTP/1.1
40,431,16.694294,::1,::1,HTTP/JSON,8890,59426,503,(427 bytes),0.000121000,"0x018 (PSH, ACK)",,null:ipv6:tcp:http:json,"HTTP/1.1 200 OK , JSON (application/json)"
41,433,18.698856,::1,::1,HTTP,59426,8890,1776,(1700 bytes),0.000121000,"0x018 (PSH, ACK)",GET,null:ipv6:tcp:http,GET /api/contents/Documents/Final_Project/%D7%A7%D7%91%D7%A6%D7%99%20%D7%94%D7%92%D7%A9%D7%94/project_1.ipynb/checkpoints?1766592020500 HTTP/1.1
42,435,18.703539,::1,::1,HTTP/JSON,8890,59426,503,(427 bytes),0.000121000,"0x018 (PSH, ACK)",,null:ipv6:tcp:http:json,"HTTP/1.1 200 OK , JSON (application/json)"
43,456,20.673558,::1,::1,HTTP,59426,8890,1671,(1595 bytes),0.000121000,"0x018 (PSH, ACK)",GET,null:ipv6:tcp:http,GET /api/kernels?1766592022471 HTTP/1.1
44,458,20.673833,::1,::1,HTTP,59427,8890,1672,(1596 bytes),0.000286000,"0x018 (PSH, ACK)",GET,null:ipv6:tcp:http,GET /api/sessions?1766592022471 HTTP/1.1
45,464,20.675237,::1,::1,HTTP,59428,8890,1673,(1597 bytes),0.000141000,"0x018 (PSH, ACK)",GET,null:ipv6:tcp:http,GET /api/terminals?1766592022475 HTTP/1.1
46,466,20.677328,::1,::1,HTTP/JSON,8890,59427,1579,(1503 bytes),0.000286000,"0x018 (PSH, ACK)",,null:ipv6:tcp:http:json,"HTTP/1.1 200 OK , JSON (application/json)"
47,468,20.681991,::1,::1,HTTP/JSON,8890,59426,766,(690 bytes),0.000121000,"0x018 (PSH, ACK)",,null:ipv6:tcp:http:json,"HTTP/1.1 200 OK , JSON (application/json)"
48,470,20.684028,::1,::1,HTTP/JSON,8890,59428,434,(358 bytes),0.000141000,"0x018 (PSH, ACK)",,null:ipv6:tcp:http:json,"HTTP/1.1 200 OK , JSON (application/json)"
49,472,20.712410,::1,::1,HTTP,59428,8890,1776,(1700 bytes),0.000141000,"0x018 (PSH, ACK)",GET,null:ipv6:tcp:http,GET /api/contents/Documents/Final_Project/%D7%A7%D7%91%D7%A6%D7%99%20%D7%94%D7%92%D7%A9%D7%94/project_1.ipynb/checkpoints?1766592022511 HTTP/1.1
50,474,20.712620,::1,::1,HTTP,59426,8890,1689,(1613 bytes),0.000121000,"0x018 (PSH, ACK)",GET,null:ipv6:tcp:http,GET /api/contents?content=1&hash=0&1766592022511 HTTP/1.1
51,483,20.720591,::1,::1,HTTP/JSON,8890,59428,503,(427 bytes),0.000141000,"0x018 (PSH, ACK)",,null:ipv6:tcp:http:json,"HTTP/1.1 200 OK , JSON (application/json)"
52,497,20.734480,::1,::1,HTTP,59428,8890,1694,(1618 bytes),0.000141000,"0x018 (PSH, ACK)",GET,null:ipv6:tcp:http,GET /api/terminals?1766592022532 HTTP/1.1
53,499,20.734702,::1,::1,HTTP,59427,8890,1693,(1617 bytes),0.000286000,"0x018 (PSH, ACK)",GET,null:ipv6:tcp:http,GET /api/sessions?1766592022533 HTTP/1.1
54,515,20.737246,::1,::1,HTTP,59429,8890,1692,(1616 bytes),0.000125000,"0x018 (PSH, ACK)",GET,null:ipv6:tcp:http,GET /api/kernels?1766592022533 HTTP/1.1
55,517,20.737315,::1,::1,HTTP,59430,8890,1710,(1634 bytes),0.000073000,"0x018 (PSH, ACK)",GET,null:ipv6:tcp:http,GET /api/contents?content=1&hash=0&1766592022534 HTTP/1.1
56,519,20.743683,::1,::1,HTTP/JSON,8890,59429,766,(690 bytes),0.000125000,"0x018 (PSH, ACK)",,null:ipv6:tcp:http:json,"HTTP/1.1 200 OK , JSON (application/json)"
57,521,20.748352,::1,::1,HTTP/JSON,8890,59428,434,(358 bytes),0.000141000,"0x018 (PSH, ACK)",,null:ipv6:tcp:http:json,"HTTP/1.1 200 OK , JSON (application/json)"
58,523,20.749933,::1,::1,HTTP/JSON,8890,59427,1579,(1503 bytes),0.000286000,"0x018 (PSH, ACK)",,null:ipv6:tcp:http:json,"HTTP/1.1 200 OK , JSON (application/json)"
59,651,20.770748,::1,::1,HTTP/JSON,8890,59426,4353,(4277 bytes),0.000121000,"0x018 (PSH, ACK)",,null:ipv6:tcp:http:json,"HTTP/1.1 200 OK , JSON (application/json)"
60,671,20.773979,::1,::1,HTTP/JSON,8890,59430,4353,(4277 bytes),0.000073000,"0x018 (PSH, ACK)",,null:ipv6:tcp:http:json,"HTTP/1.1 200 OK , JSON (application/json)"
61,710,22.727034,::1,::1,HTTP,59431,8890,1776,(1700 bytes),0.000159000,"0x018 (PSH, ACK)",GET,null:ipv6:tcp:http,GET /api/contents/Documents/Final_Project/%D7%A7%D7%91%D7%A6%D7%99%20%D7%94%D7%92%D7%A9%D7%94/project_1.ipynb/checkpoints?1766592024528 HTTP/1.1
62,712,22.754980,::1,::1,HTTP/JSON,8890,59431,503,(427 bytes),0.000159000,"0x018 (PSH, ACK)",,null:ipv6:tcp:http:json,"HTTP/1.1 200 OK , JSON (application/json)"
63,721,24.799305,::1,::1,HTTP,59431,8890,1776,(1700 bytes),0.000159000,"0x018 (PSH, ACK)",GET,null:ipv6:tcp:http,GET /api/contents/Documents/Final_Project/%D7%A7%D7%91%D7%A6%D7%99%20%D7%94%D7%92%D7%A9%D7%94/project_1.ipynb/checkpoints?1766592026600 HTTP/1.1
64,723,24.802928,::1,::1,HTTP/JSON,8890,59431,503,(427 bytes),0.000159000,"0x018 (PSH, ACK)",,null:ipv6:tcp:http:json,"HTTP/1.1 200 OK , JSON (application/json)"
65,744,26.808557,::1,::1,HTTP,59434,8890,1776,(1700 bytes),0.000259000,"0x018 (PSH, ACK)",GET,null:ipv6:tcp:http,GET /api/contents/Documents/Final_Project/%D7%A7%D7%91%D7%A6%D7%99%20%D7%94%D7%92%D7%A9%D7%94/project_1.ipynb/checkpoints?1766592028609 HTTP/1.1
66,746,26.813541,::1,::1,HTTP/JSON,8890,59434,503,(427 bytes),0.000259000,"0x018 (PSH, ACK)",,null:ipv6:tcp:http:json,"HTTP/1.1 200 OK , JSON (application/json)"
67,755,28.819228,::1,::1,HTTP,59434,8890,1776,(1700 bytes),0.000259000,"0x018 (PSH, ACK)",GET,null:ipv6:tcp:http,GET /api/contents/Documents/Final_Project/%D7%A7%D7%91%D7%A6%D7%99%20%D7%94%D7%92%D7%A9%D7%94/project_1.ipynb/checkpoints?1766592030620 HTTP/1.1
68,757,28.825699,::1,::1,HTTP/JSON,8890,59434,503,(427 bytes),0.000259000,"0x018 (PSH, ACK)",,null:ipv6:tcp:http:json,"HTTP/1.1 200 OK , JSON (application/json)"
69,763,29.734355,::1,::1,HTTP,59434,8890,1675,(1599 bytes),0.000259000,"0x018 (PSH, ACK)",GET,null:ipv6:tcp:http,GET /api/kernelspecs?1766592031533 HTTP/1.1
70,765,29.734492,::1,::1,HTTP,59435,8890,1666,(1590 bytes),0.000116000,"0x018 (PSH, ACK)",GET,null:ipv6:tcp:http,GET /api/me?1766592031533 HTTP/1.1
71,767,29.738343,::1,::1,HTTP/JSON,8890,59435,634,(558 bytes),0.000116000,"0x018 (PSH, ACK)",,null:ipv6:tcp:http:json,"HTTP/1.1 200 OK , JSON (application/json)"
72,769,29.764652,::1,::1,HTTP/JSON,8890,59434,1168,(1092 bytes),0.000259000,"0x018 (PSH, ACK)",,null:ipv6:tcp:http:json,"HTTP/1.1 200 OK , JSON (application/json)"
73,784,30.683101,::1,::1,HTTP,59434,8890,1672,(1596 bytes),0.000259000,"0x018 (PSH, ACK)",GET,null:ipv6:tcp:http,GET /api/sessions?1766592032484 HTTP/1.1
74,786,30.684936,::1,::1,HTTP/JSON,8890,59434,1579,(1503 bytes),0.000259000,"0x018 (PSH, ACK)",,null:ipv6:tcp:http:json,"HTTP/1.1 200 OK , JSON (application/json)"
75,788,30.686545,::1,::1,HTTP,59435,8890,1671,(1595 bytes),0.000116000,"0x018 (PSH, ACK)",GET,null:ipv6:tcp:http,GET /api/kernels?1766592032487 HTTP/1.1
76,790,30.687301,::1,::1,HTTP/JSON,8890,59435,766,(690 bytes),0.000116000,"0x018 (PSH, ACK)",,null:ipv6:tcp:http:json,"HTTP/1.1 200 OK , JSON (application/json)"
77,792,30.689905,::1,::1,HTTP,59434,8890,1673,(1597 bytes),0.000259000,"0x018 (PSH, ACK)",GET,null:ipv6:tcp:http,GET /api/terminals?1766592032490 HTTP/1.1
78,794,30.691786,::1,::1,HTTP/JSON,8890,59434,434,(358 bytes),0.000259000,"0x018 (PSH, ACK)",,null:ipv6:tcp:http:json,"HTTP/1.1 200 OK , JSON (application/json)"
79,796,30.778386,::1,::1,HTTP,59434,8890,1689,(1613 bytes),0.000259000,"0x018 (PSH, ACK)",GET,null:ipv6:tcp:http,GET /api/contents?content=1&hash=0&1766592032578 HTTP/1.1
80,876,30.793105,::1,::1,HTTP/JSON,8890,59434,4353,(4277 bytes),0.000259000,"0x018 (PSH, ACK)",,null:ipv6:tcp:http:json,"HTTP/1.1 200 OK , JSON (application/json)"
81,884,30.830437,::1,::1,HTTP,59434,8890,1776,(1700 bytes),0.000259000,"0x018 (PSH, ACK)",GET,null:ipv6:tcp:http,GET /api/contents/Documents/Final_Project/%D7%A7%D7%91%D7%A6%D7%99%20%D7%94%D7%92%D7%A9%D7%94/project_1.ipynb/checkpoints?1766592032632 HTTP/1.1
82,886,30.832688,::1,::1,HTTP/JSON,8890,59434,503,(427 bytes),0.000259000,"0x018 (PSH, ACK)",,null:ipv6:tcp:http:json,"HTTP/1.1 200 OK , JSON (application/json)"
83,914,33.052590,::1,::1,HTTP,59441,8890,1696,(1620 bytes),0.000157000,"0x018 (PSH, ACK)",GET,null:ipv6:tcp:http,GET /aext_assistant_server/get_disk_state?1766592034843 HTTP/1.1
84,918,33.058801,::1,::1,HTTP/JSON,8890,59441,1212,(1136 bytes),0.000157000,"0x018 (PSH, ACK)",,null:ipv6:tcp:http:json,"HTTP/1.1 200 OK , JSON (application/json)"
85,927,33.244641,::1,::1,HTTP,59441,8890,1789,(1713 bytes),0.000157000,"0x018 (PSH, ACK)",POST,null:ipv6:tcp:http:data-text-lines,POST /aext_assistant_server/sync_disk_state?1766592035043 HTTP/1.1  (text/plain)
86,934,33.251420,::1,::1,HTTP,8890,59441,403,(327 bytes),0.000157000,"0x018 (PSH, ACK)",,null:ipv6:tcp:http,HTTP/1.1 200 OK
87,936,33.731688,::1,::1,HTTP,59441,8890,1776,(1700 bytes),0.000157000,"0x018 (PSH, ACK)",GET,null:ipv6:tcp:http,GET /api/contents/Documents/Final_Project/%D7%A7%D7%91%D7%A6%D7%99%20%D7%94%D7%92%D7%A9%D7%94/project_1.ipynb/checkpoints?1766592035532 HTTP/1.1
88,938,33.736862,::1,::1,HTTP/JSON,8890,59441,503,(427 bytes),0.000157000,"0x018 (PSH, ACK)",,null:ipv6:tcp:http:json,"HTTP/1.1 200 OK , JSON (application/json)"
89,968,36.354392,::1,::1,HTTP,59443,8890,1776,(1700 bytes),0.000112000,"0x018 (PSH, ACK)",GET,null:ipv6:tcp:http,GET /api/contents/Documents/Final_Project/%D7%A7%D7%91%D7%A6%D7%99%20%D7%94%D7%92%D7%A9%D7%94/project_1.ipynb/checkpoints?1766592038088 HTTP/1.1
90,970,36.359023,::1,::1,HTTP/JSON,8890,59443,503,(427 bytes),0.000112000,"0x018 (PSH, ACK)",,null:ipv6:tcp:http:json,"HTTP/1.1 200 OK , JSON (application/json)"
91,972,36.652542,::1,::1,HTTP,59443,8890,1696,(1620 bytes),0.000112000,"0x018 (PSH, ACK)",GET,null:ipv6:tcp:http,GET /aext_assistant_server/get_disk_state?1766592038454 HTTP/1.1
92,976,36.659610,::1,::1,HTTP/JSON,8890,59443,2293,(2217 bytes),0.000112000,"0x018 (PSH, ACK)",,null:ipv6:tcp:http:json,"HTTP/1.1 200 OK , JSON (application/json)"
93,984,36.736295,::1,::1,HTTP,59443,8890,1772,(1696 bytes),0.000112000,"0x018 (PSH, ACK)",GET,null:ipv6:tcp:http,GET /panel-preview/layout/Documents/Final_Project/%D7%A7%D7%91%D7%A6%D7%99%20%D7%94%D7%92%D7%A9%D7%94/project_1.ipynb?1766592038533 HTTP/1.1
94,986,36.736585,::1,::1,HTTP,59445,8890,1781,(1705 bytes),0.000134000,"0x018 (PSH, ACK)",GET,null:ipv6:tcp:http,GET /api/contents/Documents/Final_Project/%D7%A7%D7%91%D7%A6%D7%99%20%D7%94%D7%92%D7%A9%D7%94/project_1.ipynb?content=0&hash=1&1766592038534 HTTP/1.1
95,988,36.799766,::1,::1,HTTP,8890,59443,420,(344 bytes),0.000112000,"0x018 (PSH, ACK)",,null:ipv6:tcp:http,HTTP/1.1 200 OK
96,990,36.833882,::1,::1,HTTP/JSON,8890,59445,906,(830 bytes),0.000134000,"0x018 (PSH, ACK)",,null:ipv6:tcp:http:json,"HTTP/1.1 200 OK , JSON (application/json)"
97,999,36.854487,::1,::1,HTTP,59445,8890,8669,(8593 bytes),0.000134000,"0x018 (PSH, ACK)",PUT,null:ipv6:tcp:http:data-text-lines,PUT /api/contents/Documents/Final_Project/%D7%A7%D7%91%D7%A6%D7%99%20%D7%94%D7%92%D7%A9%D7%94/project_1.ipynb?1766592038649 HTTP/1.1  (text/plain)
98,1007,36.857810,::1,::1,HTTP,59443,8890,1789,(1713 bytes),0.000112000,"0x018 (PSH, ACK)",POST,null:ipv6:tcp:http:data-text-lines,POST /aext_assistant_server/sync_disk_state?1766592038658 HTTP/1.1  (text/plain)
99,1014,36.899085,::1,::1,HTTP,8890,59443,403,(327 bytes),0.000112000,"0x018 (PSH, ACK)",,null:ipv6:tcp:http,HTTP/1.1 200 OK
100,1016,36.904514,::1,::1,HTTP/JSON,8890,59445,928,(852 bytes),0.000134000,"0x018 (PSH, ACK)",,null:ipv6:tcp:http:json,"HTTP/1.1 200 OK , JSON (application/json)"
101,1030,36.917522,::1,::1,HTTP,59445,8890,1781,(1705 bytes),0.000134000,"0x018 (PSH, ACK)",GET,null:ipv6:tcp:http,GET /api/contents/Documents/Final_Project/%D7%A7%D7%91%D7%A6%D7%99%20%D7%94%D7%92%D7%A9%D7%94/project_1.ipynb?content=0&hash=1&1766592038719 HTTP/1.1
102,1032,36.920121,::1,::1,HTTP/JSON,8890,59445,906,(830 bytes),0.000134000,"0x018 (PSH, ACK)",,null:ipv6:tcp:http:json,"HTTP/1.1 200 OK , JSON (application/json)"
103,1040,36.923745,::1,::1,HTTP,59445,8890,1776,(1700 bytes),0.000134000,"0x018 (PSH, ACK)",GET,null:ipv6:tcp:http,GET /api/contents/Documents/Final_Project/%D7%A7%D7%91%D7%A6%D7%99%20%D7%94%D7%92%D7%A9%D7%94/project_1.ipynb/checkpoints?1766592038724 HTTP/1.1
104,1042,36.923822,::1,::1,HTTP,59443,8890,1776,(1700 bytes),0.000112000,"0x018 (PSH, ACK)",GET,null:ipv6:tcp:http,GET /api/contents/Documents/Final_Project/%D7%A7%D7%91%D7%A6%D7%99%20%D7%94%D7%92%D7%A9%D7%94/project_1.ipynb/checkpoints?1766592038725 HTTP/1.1
105,1044,36.932263,::1,::1,HTTP/JSON,8890,59445,503,(427 bytes),0.000134000,"0x018 (PSH, ACK)",,null:ipv6:tcp:http:json,"HTTP/1.1 200 OK , JSON (application/json)"
106,1046,36.934164,::1,::1,HTTP/JSON,8890,59443,503,(427 bytes),0.000112000,"0x018 (PSH, ACK)",,null:ipv6:tcp:http:json,"HTTP/1.1 200 OK , JSON (application/json)"
107,1055,38.385927,::1,::1,HTTP,59443,8890,1776,(1700 bytes),0.000112000,"0x018 (PSH, ACK)",GET,null:ipv6:tcp:http,GET /api/contents/Documents/Final_Project/%D7%A7%D7%91%D7%A6%D7%99%20%D7%94%D7%92%D7%A9%D7%94/project_1.ipynb/checkpoints?1766592040172 HTTP/1.1
108,1057,38.391002,::1,::1,HTTP/JSON,8890,59443,503,(427 bytes),0.000112000,"0x018 (PSH, ACK)",,null:ipv6:tcp:http:json,"HTTP/1.1 200 OK , JSON (application/json)"
109,1088,39.136176,::1,::1,HTTP,59443,8890,1622,(1546 bytes),0.000112000,"0x018 (PSH, ACK)",GET,null:ipv6:tcp:http,GET /static/favicons/favicon-busy-1.ico HTTP/1.1
110,1092,39.139176,::1,::1,HTTP,8890,59443,383,(307 bytes),0.000112000,"0x018 (PSH, ACK)",,null:ipv6:tcp:http,HTTP/1.1 304 Not Modified
111,1114,39.182621,::1,::1,HTTP,59443,8890,1622,(1546 bytes),0.000112000,"0x018 (PSH, ACK)",GET,null:ipv6:tcp:http,GET /static/favicons/favicon-busy-1.ico HTTP/1.1
112,1122,39.183675,::1,::1,HTTP,8890,59443,383,(307 bytes),0.000112000,"0x018 (PSH, ACK)",,null:ipv6:tcp:http,HTTP/1.1 304 Not Modified
113,1135,40.397242,::1,::1,HTTP,59443,8890,1776,(1700 bytes),0.000112000,"0x018 (PSH, ACK)",GET,null:ipv6:tcp:http,GET /api/contents/Documents/Final_Project/%D7%A7%D7%91%D7%A6%D7%99%20%D7%94%D7%92%D7%A9%D7%94/project_1.ipynb/checkpoints?1766592042198 HTTP/1.1
114,1137,40.399938,::1,::1,HTTP/JSON,8890,59443,503,(427 bytes),0.000112000,"0x018 (PSH, ACK)",,null:ipv6:tcp:http:json,"HTTP/1.1 200 OK , JSON (application/json)"
115,1139,40.694738,::1,::1,HTTP,59443,8890,1672,(1596 bytes),0.000112000,"0x018 (PSH, ACK)",GET,null:ipv6:tcp:http,GET /api/sessions?1766592042493 HTTP/1.1
116,1141,40.694834,::1,::1,HTTP,59445,8890,1671,(1595 bytes),0.000134000,"0x018 (PSH, ACK)",GET,null:ipv6:tcp:http,GET /api/kernels?1766592042493 HTTP/1.1
117,1147,40.697631,::1,::1,HTTP,59446,8890,1673,(1597 bytes),0.000125000,"0x018 (PSH, ACK)",GET,null:ipv6:tcp:http,GET /api/terminals?1766592042498 HTTP/1.1
118,1149,40.698248,::1,::1,HTTP/JSON,8890,59443,1579,(1503 bytes),0.000112000,"0x018 (PSH, ACK)",,null:ipv6:tcp:http:json,"HTTP/1.1 200 OK , JSON (application/json)"
119,1151,40.700607,::1,::1,HTTP/JSON,8890,59445,766,(690 bytes),0.000134000,"0x018 (PSH, ACK)",,null:ipv6:tcp:http:json,"HTTP/1.1 200 OK , JSON (application/json)"
120,1153,40.704357,::1,::1,HTTP/JSON,8890,59446,434,(358 bytes),0.000125000,"0x018 (PSH, ACK)",,null:ipv6:tcp:http:json,"HTTP/1.1 200 OK , JSON (application/json)"
121,1155,40.799074,::1,::1,HTTP,59446,8890,1689,(1613 bytes),0.000125000,"0x018 (PSH, ACK)",GET,null:ipv6:tcp:http,GET /api/contents?content=1&hash=0&1766592042600 HTTP/1.1
122,1235,40.836926,::1,::1,HTTP/JSON,8890,59446,4353,(4277 bytes),0.000125000,"0x018 (PSH, ACK)",,null:ipv6:tcp:http:json,"HTTP/1.1 200 OK , JSON (application/json)"
123,1272,42.406790,::1,::1,HTTP,59448,8890,1776,(1700 bytes),0.000136000,"0x018 (PSH, ACK)",GET,null:ipv6:tcp:http,GET /api/contents/Documents/Final_Project/%D7%A7%D7%91%D7%A6%D7%99%20%D7%94%D7%92%D7%A9%D7%94/project_1.ipynb/checkpoints?1766592044206 HTTP/1.1
124,1274,42.411168,::1,::1,HTTP/JSON,8890,59448,503,(427 bytes),0.000136000,"0x018 (PSH, ACK)",,null:ipv6:tcp:http:json,"HTTP/1.1 200 OK , JSON (application/json)"
125,1288,44.516493,::1,::1,HTTP,59448,8890,1776,(1700 bytes),0.000136000,"0x018 (PSH, ACK)",GET,null:ipv6:tcp:http,GET /api/contents/Documents/Final_Project/%D7%A7%D7%91%D7%A6%D7%99%20%D7%94%D7%92%D7%A9%D7%94/project_1.ipynb/checkpoints?1766592046227 HTTP/1.1
126,1290,44.607250,::1,::1,HTTP/JSON,8890,59448,503,(427 bytes),0.000136000,"0x018 (PSH, ACK)",,null:ipv6:tcp:http:json,"HTTP/1.1 200 OK , JSON (application/json)"
127,1311,46.635310,::1,::1,HTTP,59449,8890,1776,(1700 bytes),0.000205000,"0x018 (PSH, ACK)",GET,null:ipv6:tcp:http,GET /api/contents/Documents/Final_Project/%D7%A7%D7%91%D7%A6%D7%99%20%D7%94%D7%92%D7%A9%D7%94/project_1.ipynb/checkpoints?1766592048435 HTTP/1.1
128,1313,46.640256,::1,::1,HTTP/JSON,8890,59449,503,(427 bytes),0.000205000,"0x018 (PSH, ACK)",,null:ipv6:tcp:http:json,"HTTP/1.1 200 OK , JSON (application/json)"
129,1329,48.648873,::1,::1,HTTP,59449,8890,1776,(1700 bytes),0.000205000,"0x018 (PSH, ACK)",GET,null:ipv6:tcp:http,GET /api/contents/Documents/Final_Project/%D7%A7%D7%91%D7%A6%D7%99%20%D7%94%D7%92%D7%A9%D7%94/project_1.ipynb/checkpoints?1766592050450 HTTP/1.1
130,1331,48.653426,::1,::1,HTTP/JSON,8890,59449,503,(427 bytes),0.000205000,"0x018 (PSH, ACK)",,null:ipv6:tcp:http:json,"HTTP/1.1 200 OK , JSON (application/json)"
131,1341,50.659955,::1,::1,HTTP,59449,8890,1776,(1700 bytes),0.000205000,"0x018 (PSH, ACK)",GET,null:ipv6:tcp:http,GET /api/contents/Documents/Final_Project/%D7%A7%D7%91%D7%A6%D7%99%20%D7%94%D7%92%D7%A9%D7%94/project_1.ipynb/checkpoints?1766592052460 HTTP/1.1
132,1343,50.664065,::1,::1,HTTP/JSON,8890,59449,503,(427 bytes),0.000205000,"0x018 (PSH, ACK)",,null:ipv6:tcp:http:json,"HTTP/1.1 200 OK , JSON (application/json)"
133,1345,50.702548,::1,::1,HTTP,59449,8890,1672,(1596 bytes),0.000205000,"0x018 (PSH, ACK)",GET,null:ipv6:tcp:http,GET /api/sessions?1766592052504 HTTP/1.1
134,1351,50.704089,::1,::1,HTTP,59452,8890,1671,(1595 bytes),0.000198000,"0x018 (PSH, ACK)",GET,null:ipv6:tcp:http,GET /api/kernels?1766592052506 HTTP/1.1
135,1353,50.707825,::1,::1,HTTP/JSON,8890,59449,1579,(1503 bytes),0.000205000,"0x018 (PSH, ACK)",,null:ipv6:tcp:http:json,"HTTP/1.1 200 OK , JSON (application/json)"
136,1359,50.709066,::1,::1,HTTP,59449,8890,1673,(1597 bytes),0.000205000,"0x018 (PSH, ACK)",GET,null:ipv6:tcp:http,GET /api/terminals?1766592052510 HTTP/1.1
137,1361,50.713056,::1,::1,HTTP/JSON,8890,59452,766,(690 bytes),0.000198000,"0x018 (PSH, ACK)",,null:ipv6:tcp:http:json,"HTTP/1.1 200 OK , JSON (application/json)"
138,1363,50.715183,::1,::1,HTTP/JSON,8890,59449,434,(358 bytes),0.000205000,"0x018 (PSH, ACK)",,null:ipv6:tcp:http:json,"HTTP/1.1 200 OK , JSON (application/json)"
139,1372,50.843772,::1,::1,HTTP,59449,8890,1689,(1613 bytes),0.000205000,"0x018 (PSH, ACK)",GET,null:ipv6:tcp:http,GET /api/contents?content=1&hash=0&1766592052645 HTTP/1.1
140,1452,50.883263,::1,::1,HTTP/JSON,8890,59449,4353,(4277 bytes),0.000205000,"0x018 (PSH, ACK)",,null:ipv6:tcp:http:json,"HTTP/1.1 200 OK , JSON (application/json)"
141,1483,52.671889,::1,::1,HTTP,59454,8890,1776,(1700 bytes),0.000131000,"0x018 (PSH, ACK)",GET,null:ipv6:tcp:http,GET /api/contents/Documents/Final_Project/%D7%A7%D7%91%D7%A6%D7%99%20%D7%94%D7%92%D7%A9%D7%94/project_1.ipynb/checkpoints?1766592054470 HTTP/1.1
142,1485,52.677595,::1,::1,HTTP/JSON,8890,59454,503,(427 bytes),0.000131000,"0x018 (PSH, ACK)",,null:ipv6:tcp:http:json,"HTTP/1.1 200 OK , JSON (application/json)"
143,1498,53.930920,::1,::1,HTTP,59455,8890,1396,(1320 bytes),0.000132000,"0x018 (PSH, ACK)",GET,null:ipv6:tcp:http,GET /aext_project_filebrowser_server/project/list HTTP/1.1
144,1500,53.933895,::1,::1,HTTP,8890,59455,410,(334 bytes),0.000132000,"0x018 (PSH, ACK)",,null:ipv6:tcp:http,HTTP/1.1 101 Switching Protocols
145,1506,54.682244,::1,::1,HTTP,59454,8890,1776,(1700 bytes),0.000131000,"0x018 (PSH, ACK)",GET,null:ipv6:tcp:http,GET /api/contents/Documents/Final_Project/%D7%A7%D7%91%D7%A6%D7%99%20%D7%94%D7%92%D7%A9%D7%94/project_1.ipynb/checkpoints?1766592056483 HTTP/1.1
146,1508,54.685841,::1,::1,HTTP/JSON,8890,59454,503,(427 bytes),0.000131000,"0x018 (PSH, ACK)",,null:ipv6:tcp:http:json,"HTTP/1.1 200 OK , JSON (application/json)"
147,1531,56.694414,::1,::1,HTTP,59456,8890,1776,(1700 bytes),0.000135000,"0x018 (PSH, ACK)",GET,null:ipv6:tcp:http,GET /api/contents/Documents/Final_Project/%D7%A7%D7%91%D7%A6%D7%99%20%D7%94%D7%92%D7%A9%D7%94/project_1.ipynb/checkpoints?1766592058492 HTTP/1.1
148,1533,56.698511,::1,::1,HTTP/JSON,8890,59456,503,(427 bytes),0.000135000,"0x018 (PSH, ACK)",,null:ipv6:tcp:http:json,"HTTP/1.1 200 OK , JSON (application/json)"
149,1549,58.138214,::1,::1,HTTP,59456,8890,1696,(1620 bytes),0.000135000,"0x018 (PSH, ACK)",GET,null:ipv6:tcp:http,GET /aext_assistant_server/get_disk_state?1766592059938 HTTP/1.1
150,1553,58.143592,::1,::1,HTTP/JSON,8890,59456,2293,(2217 bytes),0.000135000,"0x018 (PSH, ACK)",,null:ipv6:tcp:http:json,"HTTP/1.1 200 OK , JSON (application/json)"
151,1562,58.329252,::1,::1,HTTP,59456,8890,1862,(1786 bytes),0.000135000,"0x018 (PSH, ACK)",POST,null:ipv6:tcp:http:data-text-lines,POST /aext_assistant_server/sync_disk_state?1766592060129 HTTP/1.1  (text/plain)
152,1569,58.335716,::1,::1,HTTP,8890,59456,403,(327 bytes),0.000135000,"0x018 (PSH, ACK)",,null:ipv6:tcp:http,HTTP/1.1 200 OK
153,1571,58.731875,::1,::1,HTTP,59456,8890,1776,(1700 bytes),0.000135000,"0x018 (PSH, ACK)",GET,null:ipv6:tcp:http,GET /api/contents/Documents/Final_Project/%D7%A7%D7%91%D7%A6%D7%99%20%D7%94%D7%92%D7%A9%D7%94/project_1.ipynb/checkpoints?1766592060533 HTTP/1.1
154,1573,58.736501,::1,::1,HTTP/JSON,8890,59456,503,(427 bytes),0.000135000,"0x018 (PSH, ACK)",,null:ipv6:tcp:http:json,"HTTP/1.1 200 OK , JSON (application/json)"
155,1577,60.730698,::1,::1,HTTP,59456,8890,1672,(1596 bytes),0.000135000,"0x018 (PSH, ACK)",GET,null:ipv6:tcp:http,GET /api/sessions?1766592062532 HTTP/1.1
156,1585,60.731157,::1,::1,HTTP,59459,8890,1671,(1595 bytes),0.000135000,"0x018 (PSH, ACK)",GET,null:ipv6:tcp:http,GET /api/kernels?1766592062532 HTTP/1.1
157,1586,60.731196,::1,::1,HTTP,59460,8890,1673,(1597 bytes),0.000137000,"0x018 (PSH, ACK)",GET,null:ipv6:tcp:http,GET /api/terminals?1766592062532 HTTP/1.1
158,1589,60.736113,::1,::1,HTTP/JSON,8890,59459,766,(690 bytes),0.000135000,"0x018 (PSH, ACK)",,null:ipv6:tcp:http:json,"HTTP/1.1 200 OK , JSON (application/json)"
159,1591,60.737501,::1,::1,HTTP/JSON,8890,59460,434,(358 bytes),0.000137000,"0x018 (PSH, ACK)",,null:ipv6:tcp:http:json,"HTTP/1.1 200 OK , JSON (application/json)"
160,1593,60.740315,::1,::1,HTTP/JSON,8890,59456,1579,(1503 bytes),0.000135000,"0x018 (PSH, ACK)",,null:ipv6:tcp:http:json,"HTTP/1.1 200 OK , JSON (application/json)"
161,1618,61.734070,::1,::1,HTTP,59461,8890,1689,(1613 bytes),0.000107000,"0x018 (PSH, ACK)",GET,null:ipv6:tcp:http,GET /api/contents?content=1&hash=0&1766592063534 HTTP/1.1
162,1698,61.770165,::1,::1,HTTP/JSON,8890,59461,4353,(4277 bytes),0.000107000,"0x018 (PSH, ACK)",,null:ipv6:tcp:http:json,"HTTP/1.1 200 OK , JSON (application/json)"
163,1801,75.730183,::1,::1,HTTP,59467,8890,1396,(1320 bytes),0.000193000,"0x018 (PSH, ACK)",GET,null:ipv6:tcp:http,GET /aext_project_filebrowser_server/project/list HTTP/1.1
164,1803,75.732888,::1,::1,HTTP,8890,59467,410,(334 bytes),0.000193000,"0x018 (PSH, ACK)",,null:ipv6:tcp:http,HTTP/1.1 101 Switching Protocols
165,1918,89.917967,::1,::1,HTTP,59471,8890,1396,(1320 bytes),0.000235000,"0x018 (PSH, ACK)",GET,null:ipv6:tcp:http,GET /aext_project_filebrowser_server/project/list HTTP/1.1
166,1920,89.920999,::1,::1,HTTP,8890,59471,410,(334 bytes),0.000235000,"0x018 (PSH, ACK)",,null:ipv6:tcp:http,HTTP/1.1 101 Switching Protocols
167,1934,91.731208,::1,::1,HTTP,59472,8890,1666,(1590 bytes),0.000176000,"0x018 (PSH, ACK)",GET,null:ipv6:tcp:http,GET /api/me?1766592093532 HTTP/1.1
168,1936,91.731297,::1,::1,HTTP,59473,8890,1675,(1599 bytes),0.000111000,"0x018 (PSH, ACK)",GET,null:ipv6:tcp:http,GET /api/kernelspecs?1766592093532 HTTP/1.1
169,1938,91.735485,::1,::1,HTTP/JSON,8890,59472,634,(558 bytes),0.000176000,"0x018 (PSH, ACK)",,null:ipv6:tcp:http:json,"HTTP/1.1 200 OK , JSON (application/json)"
170,1940,91.743374,::1,::1,HTTP/JSON,8890,59473,1168,(1092 bytes),0.000111000,"0x018 (PSH, ACK)",,null:ipv6:tcp:http:json,"HTTP/1.1 200 OK , JSON (application/json)"
171,2337,157.739038,::1,::1,HTTP,59511,8890,1772,(1696 bytes),0.000094000,"0x018 (PSH, ACK)",GET,null:ipv6:tcp:http,GET /panel-preview/layout/Documents/Final_Project/%D7%A7%D7%91%D7%A6%D7%99%20%D7%94%D7%92%D7%A9%D7%94/project_1.ipynb?1766592159534 HTTP/1.1
172,2339,157.739206,::1,::1,HTTP,59512,8890,1781,(1705 bytes),0.000094000,"0x018 (PSH, ACK)",GET,null:ipv6:tcp:http,GET /api/contents/Documents/Final_Project/%D7%A7%D7%91%D7%A6%D7%99%20%D7%94%D7%92%D7%A9%D7%94/project_1.ipynb?content=0&hash=1&1766592159539 HTTP/1.1
173,2341,157.750199,::1,::1,HTTP,8890,59511,420,(344 bytes),0.000094000,"0x018 (PSH, ACK)",,null:ipv6:tcp:http,HTTP/1.1 200 OK
174,2343,157.765822,::1,::1,HTTP/JSON,8890,59512,906,(830 bytes),0.000094000,"0x018 (PSH, ACK)",,null:ipv6:tcp:http:json,"HTTP/1.1 200 OK , JSON (application/json)"
175,2353,157.772093,::1,::1,HTTP,59512,8890,9257,(9181 bytes),0.000094000,"0x018 (PSH, ACK)",PUT,null:ipv6:tcp:http:data-text-lines,PUT /api/contents/Documents/Final_Project/%D7%A7%D7%91%D7%A6%D7%99%20%D7%94%D7%92%D7%A9%D7%94/project_1.ipynb?1766592159571 HTTP/1.1  (text/plain)
176,2355,157.789022,::1,::1,HTTP/JSON,8890,59512,928,(852 bytes),0.000094000,"0x018 (PSH, ACK)",,null:ipv6:tcp:http:json,"HTTP/1.1 200 OK , JSON (application/json)"
177,2369,157.794881,::1,::1,HTTP,59512,8890,1781,(1705 bytes),0.000094000,"0x018 (PSH, ACK)",GET,null:ipv6:tcp:http,GET /api/contents/Documents/Final_Project/%D7%A7%D7%91%D7%A6%D7%99%20%D7%94%D7%92%D7%A9%D7%94/project_1.ipynb?content=0&hash=1&1766592159595 HTTP/1.1
178,2371,157.797902,::1,::1,HTTP/JSON,8890,59512,906,(830 bytes),0.000094000,"0x018 (PSH, ACK)",,null:ipv6:tcp:http:json,"HTTP/1.1 200 OK , JSON (application/json)"
179,2379,157.806214,::1,::1,HTTP,59512,8890,1776,(1700 bytes),0.000094000,"0x018 (PSH, ACK)",GET,null:ipv6:tcp:http,GET /api/contents/Documents/Final_Project/%D7%A7%D7%91%D7%A6%D7%99%20%D7%94%D7%92%D7%A9%D7%94/project_1.ipynb/checkpoints?1766592159605 HTTP/1.1
180,2381,157.806600,::1,::1,HTTP,59511,8890,1776,(1700 bytes),0.000094000,"0x018 (PSH, ACK)",GET,null:ipv6:tcp:http,GET /api/contents/Documents/Final_Project/%D7%A7%D7%91%D7%A6%D7%99%20%D7%94%D7%92%D7%A9%D7%94/project_1.ipynb/checkpoints?1766592159606 HTTP/1.1
181,2383,157.808413,::1,::1,HTTP/JSON,8890,59512,503,(427 bytes),0.000094000,"0x018 (PSH, ACK)",,null:ipv6:tcp:http:json,"HTTP/1.1 200 OK , JSON (application/json)"
182,2385,157.808795,::1,::1,HTTP/JSON,8890,59511,503,(427 bytes),0.000094000,"0x018 (PSH, ACK)",,null:ipv6:tcp:http:json,"HTTP/1.1 200 OK , JSON (application/json)"
183,2426,163.350933,::1,::1,HTTP,59518,8890,1776,(1700 bytes),0.000131000,"0x018 (PSH, ACK)",GET,null:ipv6:tcp:http,GET /api/contents/Documents/Final_Project/%D7%A7%D7%91%D7%A6%D7%99%20%D7%94%D7%92%D7%A9%D7%94/project_1.ipynb/checkpoints?1766592165036 HTTP/1.1
184,2428,163.364724,::1,::1,HTTP/JSON,8890,59518,503,(427 bytes),0.000131000,"0x018 (PSH, ACK)",,null:ipv6:tcp:http:json,"HTTP/1.1 200 OK , JSON (application/json)"
185,2430,163.745439,::1,::1,HTTP,59518,8890,1696,(1620 bytes),0.000131000,"0x018 (PSH, ACK)",GET,null:ipv6:tcp:http,GET /aext_assistant_server/get_disk_state?1766592165543 HTTP/1.1
186,2434,163.754310,::1,::1,HTTP/JSON,8890,59518,2366,(2290 bytes),0.000131000,"0x018 (PSH, ACK)",,null:ipv6:tcp:http:json,"HTTP/1.1 200 OK , JSON (application/json)"
187,2445,163.944942,::1,::1,HTTP,59518,8890,1862,(1786 bytes),0.000131000,"0x018 (PSH, ACK)",POST,null:ipv6:tcp:http:data-text-lines,POST /aext_assistant_server/sync_disk_state?1766592165742 HTTP/1.1  (text/plain)
188,2452,163.951440,::1,::1,HTTP,8890,59518,403,(327 bytes),0.000131000,"0x018 (PSH, ACK)",,null:ipv6:tcp:http,HTTP/1.1 200 OK
189,2463,164.748352,::1,::1,HTTP,59518,8890,1671,(1595 bytes),0.000131000,"0x018 (PSH, ACK)",GET,null:ipv6:tcp:http,GET /api/kernels?1766592166546 HTTP/1.1
190,2476,164.748829,::1,::1,HTTP,59519,8890,1673,(1597 bytes),0.000136000,"0x018 (PSH, ACK)",GET,null:ipv6:tcp:http,GET /api/terminals?1766592166547 HTTP/1.1
191,2478,164.748869,::1,::1,HTTP,59520,8890,1672,(1596 bytes),0.000037000,"0x018 (PSH, ACK)",GET,null:ipv6:tcp:http,GET /api/sessions?1766592166547 HTTP/1.1
192,2480,164.748896,::1,::1,HTTP,59521,8890,1689,(1613 bytes),0.000060000,"0x018 (PSH, ACK)",GET,null:ipv6:tcp:http,GET /api/contents?content=1&hash=0&1766592166547 HTTP/1.1
193,2482,164.752474,::1,::1,HTTP/JSON,8890,59518,766,(690 bytes),0.000131000,"0x018 (PSH, ACK)",,null:ipv6:tcp:http:json,"HTTP/1.1 200 OK , JSON (application/json)"
194,2484,164.754497,::1,::1,HTTP/JSON,8890,59519,434,(358 bytes),0.000136000,"0x018 (PSH, ACK)",,null:ipv6:tcp:http:json,"HTTP/1.1 200 OK , JSON (application/json)"
195,2486,164.757661,::1,::1,HTTP/JSON,8890,59520,1579,(1503 bytes),0.000037000,"0x018 (PSH, ACK)",,null:ipv6:tcp:http:json,"HTTP/1.1 200 OK , JSON (application/json)"
196,2566,164.794780,::1,::1,HTTP/JSON,8890,59521,4353,(4277 bytes),0.000060000,"0x018 (PSH, ACK)",,null:ipv6:tcp:http:json,"HTTP/1.1 200 OK , JSON (application/json)"
197,2578,165.368393,::1,::1,HTTP,59521,8890,1776,(1700 bytes),0.000060000,"0x018 (PSH, ACK)",GET,null:ipv6:tcp:http,GET /api/contents/Documents/Final_Project/%D7%A7%D7%91%D7%A6%D7%99%20%D7%94%D7%92%D7%A9%D7%94/project_1.ipynb/checkpoints?1766592167170 HTTP/1.1
198,2580,165.373816,::1,::1,HTTP/JSON,8890,59521,503,(427 bytes),0.000060000,"0x018 (PSH, ACK)",,null:ipv6:tcp:http:json,"HTTP/1.1 200 OK , JSON (application/json)"
199,2618,167.378321,::1,::1,HTTP,59523,8890,1776,(1700 bytes),0.000157000,"0x018 (PSH, ACK)",GET,null:ipv6:tcp:http,GET /api/contents/Documents/Final_Project/%D7%A7%D7%91%D7%A6%D7%99%20%D7%94%D7%92%D7%A9%D7%94/project_1.ipynb/checkpoints?1766592169179 HTTP/1.1
200,2620,167.382356,::1,::1,HTTP/JSON,8890,59523,503,(427 bytes),0.000157000,"0x018 (PSH, ACK)",,null:ipv6:tcp:http:json,"HTTP/1.1 200 OK , JSON (application/json)"
201,2628,169.389758,::1,::1,HTTP,59523,8890,1776,(1700 bytes),0.000157000,"0x018 (PSH, ACK)",GET,null:ipv6:tcp:http,GET /api/contents/Documents/Final_Project/%D7%A7%D7%91%D7%A6%D7%99%20%D7%94%D7%92%D7%A9%D7%94/project_1.ipynb/checkpoints?1766592171190 HTTP/1.1
202,2630,169.395450,::1,::1,HTTP/JSON,8890,59523,503,(427 bytes),0.000157000,"0x018 (PSH, ACK)",,null:ipv6:tcp:http:json,"HTTP/1.1 200 OK , JSON (application/json)"
203,2655,171.401857,::1,::1,HTTP,59525,8890,1776,(1700 bytes),0.000133000,"0x018 (PSH, ACK)",GET,null:ipv6:tcp:http,GET /api/contents/Documents/Final_Project/%D7%A7%D7%91%D7%A6%D7%99%20%D7%94%D7%92%D7%A9%D7%94/project_1.ipynb/checkpoints?1766592173201 HTTP/1.1
204,2657,171.407468,::1,::1,HTTP/JSON,8890,59525,503,(427 bytes),0.000133000,"0x018 (PSH, ACK)",,null:ipv6:tcp:http:json,"HTTP/1.1 200 OK , JSON (application/json)"
205,2676,172.085889,::1,::1,HTTP,59525,8890,1622,(1546 bytes),0.000133000,"0x018 (PSH, ACK)",GET,null:ipv6:tcp:http,GET /static/favicons/favicon-busy-1.ico HTTP/1.1
206,2678,172.088094,::1,::1,HTTP,8890,59525,383,(307 bytes),0.000133000,"0x018 (PSH, ACK)",,null:ipv6:tcp:http,HTTP/1.1 304 Not Modified
207,2734,172.131361,::1,::1,HTTP,59525,8890,1622,(1546 bytes),0.000133000,"0x018 (PSH, ACK)",GET,null:ipv6:tcp:http,GET /static/favicons/favicon-busy-1.ico HTTP/1.1
208,2736,172.132565,::1,::1,HTTP,8890,59525,383,(307 bytes),0.000133000,"0x018 (PSH, ACK)",,null:ipv6:tcp:http,HTTP/1.1 304 Not Modified
209,2750,173.414294,::1,::1,HTTP,59525,8890,1776,(1700 bytes),0.000133000,"0x018 (PSH, ACK)",GET,null:ipv6:tcp:http,GET /api/contents/Documents/Final_Project/%D7%A7%D7%91%D7%A6%D7%99%20%D7%94%D7%92%D7%A9%D7%94/project_1.ipynb/checkpoints?1766592175216 HTTP/1.1
210,2752,173.417947,::1,::1,HTTP/JSON,8890,59525,503,(427 bytes),0.000133000,"0x018 (PSH, ACK)",,null:ipv6:tcp:http:json,"HTTP/1.1 200 OK , JSON (application/json)"
211,2766,174.760266,::1,::1,HTTP,59525,8890,1671,(1595 bytes),0.000133000,"0x018 (PSH, ACK)",GET,null:ipv6:tcp:http,GET /api/kernels?1766592176558 HTTP/1.1
212,2772,174.762236,::1,::1,HTTP,59526,8890,1673,(1597 bytes),0.000107000,"0x018 (PSH, ACK)",GET,null:ipv6:tcp:http,GET /api/terminals?1766592176559 HTTP/1.1
213,2775,174.762411,::1,::1,HTTP,59527,8890,1672,(1596 bytes),0.000101000,"0x018 (PSH, ACK)",GET,null:ipv6:tcp:http,GET /api/sessions?1766592176561 HTTP/1.1
214,2783,174.768985,::1,::1,HTTP/JSON,8890,59525,766,(690 bytes),0.000133000,"0x018 (PSH, ACK)",,null:ipv6:tcp:http:json,"HTTP/1.1 200 OK , JSON (application/json)"
215,2785,174.772955,::1,::1,HTTP/JSON,8890,59527,1579,(1503 bytes),0.000101000,"0x018 (PSH, ACK)",,null:ipv6:tcp:http:json,"HTTP/1.1 200 OK , JSON (application/json)"
216,2787,174.777848,::1,::1,HTTP/JSON,8890,59526,434,(358 bytes),0.000107000,"0x018 (PSH, ACK)",,null:ipv6:tcp:http:json,"HTTP/1.1 200 OK , JSON (application/json)"
217,2789,174.799903,::1,::1,HTTP,59526,8890,1689,(1613 bytes),0.000107000,"0x018 (PSH, ACK)",GET,null:ipv6:tcp:http,GET /api/contents?content=1&hash=0&1766592176600 HTTP/1.1
218,2869,174.834622,::1,::1,HTTP/JSON,8890,59526,4353,(4277 bytes),0.000107000,"0x018 (PSH, ACK)",,null:ipv6:tcp:http:json,"HTTP/1.1 200 OK , JSON (application/json)"
219,2877,175.421822,::1,::1,HTTP,59526,8890,1776,(1700 bytes),0.000107000,"0x018 (PSH, ACK)",GET,null:ipv6:tcp:http,GET /api/contents/Documents/Final_Project/%D7%A7%D7%91%D7%A6%D7%99%20%D7%94%D7%92%D7%A9%D7%94/project_1.ipynb/checkpoints?1766592177223 HTTP/1.1
220,2879,175.426384,::1,::1,HTTP/JSON,8890,59526,503,(427 bytes),0.000107000,"0x018 (PSH, ACK)",,null:ipv6:tcp:http:json,"HTTP/1.1 200 OK , JSON (application/json)"
221,2927,177.432922,::1,::1,HTTP,59531,8890,1776,(1700 bytes),0.000152000,"0x018 (PSH, ACK)",GET,null:ipv6:tcp:http,GET /api/contents/Documents/Final_Project/%D7%A7%D7%91%D7%A6%D7%99%20%D7%94%D7%92%D7%A9%D7%94/project_1.ipynb/checkpoints?1766592179232 HTTP/1.1
222,2929,177.436374,::1,::1,HTTP/JSON,8890,59531,503,(427 bytes),0.000152000,"0x018 (PSH, ACK)",,null:ipv6:tcp:http:json,"HTTP/1.1 200 OK , JSON (application/json)"
223,2935,177.930344,::1,::1,HTTP,59532,8890,1396,(1320 bytes),0.000114000,"0x018 (PSH, ACK)",GET,null:ipv6:tcp:http,GET /aext_project_filebrowser_server/project/list HTTP/1.1
224,2937,177.933999,::1,::1,HTTP,8890,59532,410,(334 bytes),0.000114000,"0x018 (PSH, ACK)",,null:ipv6:tcp:http,HTTP/1.1 101 Switching Protocols
225,2943,179.442695,::1,::1,HTTP,59531,8890,1776,(1700 bytes),0.000152000,"0x018 (PSH, ACK)",GET,null:ipv6:tcp:http,GET /api/contents/Documents/Final_Project/%D7%A7%D7%91%D7%A6%D7%99%20%D7%94%D7%92%D7%A9%D7%94/project_1.ipynb/checkpoints?1766592181243 HTTP/1.1
226,2945,179.449614,::1,::1,HTTP/JSON,8890,59531,503,(427 bytes),0.000152000,"0x018 (PSH, ACK)",,null:ipv6:tcp:http:json,"HTTP/1.1 200 OK , JSON (application/json)"
227,2977,181.455346,::1,::1,HTTP,59534,8890,1776,(1700 bytes),0.000113000,"0x018 (PSH, ACK)",GET,null:ipv6:tcp:http,GET /api/contents/Documents/Final_Project/%D7%A7%D7%91%D7%A6%D7%99%20%D7%94%D7%92%D7%A9%D7%94/project_1.ipynb/checkpoints?1766592183257 HTTP/1.1
228,2979,181.459266,::1,::1,HTTP/JSON,8890,59534,503,(427 bytes),0.000113000,"0x018 (PSH, ACK)",,null:ipv6:tcp:http:json,"HTTP/1.1 200 OK , JSON (application/json)"
229,2988,183.741403,::1,::1,HTTP,59534,8890,1776,(1700 bytes),0.000113000,"0x018 (PSH, ACK)",GET,null:ipv6:tcp:http,GET /api/contents/Documents/Final_Project/%D7%A7%D7%91%D7%A6%D7%99%20%D7%94%D7%92%D7%A9%D7%94/project_1.ipynb/checkpoints?1766592185540 HTTP/1.1
230,2990,183.775564,::1,::1,HTTP/JSON,8890,59534,503,(427 bytes),0.000113000,"0x018 (PSH, ACK)",,null:ipv6:tcp:http:json,"HTTP/1.1 200 OK , JSON (application/json)"
231,2992,183.819105,::1,::1,HTTP,59534,8890,1696,(1620 bytes),0.000113000,"0x018 (PSH, ACK)",GET,null:ipv6:tcp:http,GET /aext_assistant_server/get_disk_state?1766592185620 HTTP/1.1
232,2996,183.829751,::1,::1,HTTP/JSON,8890,59534,2366,(2290 bytes),0.000113000,"0x018 (PSH, ACK)",,null:ipv6:tcp:http:json,"HTTP/1.1 200 OK , JSON (application/json)"
233,3006,184.025442,::1,::1,HTTP,59534,8890,2029,(1953 bytes),0.000113000,"0x018 (PSH, ACK)",POST,null:ipv6:tcp:http:data-text-lines,POST /aext_assistant_server/sync_disk_state?1766592185824 HTTP/1.1  (text/plain)
234,3012,184.034339,::1,::1,HTTP,8890,59534,403,(327 bytes),0.000113000,"0x018 (PSH, ACK)",,null:ipv6:tcp:http,HTTP/1.1 200 OK
235,3025,185.738177,::1,::1,HTTP,59534,8890,1671,(1595 bytes),0.000113000,"0x018 (PSH, ACK)",GET,null:ipv6:tcp:http,GET /api/kernels?1766592187532 HTTP/1.1
236,3031,185.739663,::1,::1,HTTP,59538,8890,1672,(1596 bytes),0.000118000,"0x018 (PSH, ACK)",GET,null:ipv6:tcp:http,GET /api/sessions?1766592187532 HTTP/1.1
237,3037,185.741475,::1,::1,HTTP,59539,8890,1673,(1597 bytes),0.000084000,"0x018 (PSH, ACK)",GET,null:ipv6:tcp:http,GET /api/terminals?1766592187533 HTTP/1.1
238,3039,185.741838,::1,::1,HTTP,59540,8890,1689,(1613 bytes),0.000119000,"0x018 (PSH, ACK)",GET,null:ipv6:tcp:http,GET /api/contents?content=1&hash=0&1766592187535 HTTP/1.1
239,3041,185.765768,::1,::1,HTTP/JSON,8890,59538,1579,(1503 bytes),0.000118000,"0x018 (PSH, ACK)",,null:ipv6:tcp:http:json,"HTTP/1.1 200 OK , JSON (application/json)"
240,3043,185.773402,::1,::1,HTTP/JSON,8890,59539,434,(358 bytes),0.000084000,"0x018 (PSH, ACK)",,null:ipv6:tcp:http:json,"HTTP/1.1 200 OK , JSON (application/json)"
241,3045,185.780669,::1,::1,HTTP/JSON,8890,59534,766,(690 bytes),0.000113000,"0x018 (PSH, ACK)",,null:ipv6:tcp:http:json,"HTTP/1.1 200 OK , JSON (application/json)"
242,3121,185.803223,::1,::1,HTTP/JSON,8890,59540,4353,(4277 bytes),0.000119000,"0x018 (PSH, ACK)",,null:ipv6:tcp:http:json,"HTTP/1.1 200 OK , JSON (application/json)"
243,3254,199.734511,::1,::1,HTTP,59545,8890,1396,(1320 bytes),0.000103000,"0x018 (PSH, ACK)",GET,null:ipv6:tcp:http,GET /aext_project_filebrowser_server/project/list HTTP/1.1
244,3256,199.737825,::1,::1,HTTP,8890,59545,410,(334 bytes),0.000103000,"0x018 (PSH, ACK)",,null:ipv6:tcp:http,HTTP/1.1 101 Switching Protocols
245,3377,213.926169,::1,::1,HTTP,59549,8890,1396,(1320 bytes),0.000282000,"0x018 (PSH, ACK)",GET,null:ipv6:tcp:http,GET /aext_project_filebrowser_server/project/list HTTP/1.1
246,3379,213.930218,::1,::1,HTTP,8890,59549,410,(334 bytes),0.000282000,"0x018 (PSH, ACK)",,null:ipv6:tcp:http,HTTP/1.1 101 Switching Protocols
247,3566,247.676736,::1,::1,HTTP,59569,8890,1776,(1700 bytes),0.000126000,"0x018 (PSH, ACK)",GET,null:ipv6:tcp:http,GET /api/contents/Documents/Final_Project/%D7%A7%D7%91%D7%A6%D7%99%20%D7%94%D7%92%D7%A9%D7%94/project_1.ipynb/checkpoints?1766592249465 HTTP/1.1
248,3568,247.689077,::1,::1,HTTP/JSON,8890,59569,503,(427 bytes),0.000126000,"0x018 (PSH, ACK)",,null:ipv6:tcp:http:json,"HTTP/1.1 200 OK , JSON (application/json)"
249,3584,249.335774,::1,::1,HTTP,59569,8890,1696,(1620 bytes),0.000126000,"0x018 (PSH, ACK)",GET,null:ipv6:tcp:http,GET /aext_assistant_server/get_disk_state?1766592251137 HTTP/1.1
250,3588,249.346644,::1,::1,HTTP/JSON,8890,59569,2533,(2457 bytes),0.000126000,"0x018 (PSH, ACK)",,null:ipv6:tcp:http:json,"HTTP/1.1 200 OK , JSON (application/json)"
251,3597,249.554263,::1,::1,HTTP,59569,8890,2029,(1953 bytes),0.000126000,"0x018 (PSH, ACK)",POST,null:ipv6:tcp:http:data-text-lines,POST /aext_assistant_server/sync_disk_state?1766592251355 HTTP/1.1  (text/plain)
252,3604,249.562393,::1,::1,HTTP,8890,59569,403,(327 bytes),0.000126000,"0x018 (PSH, ACK)",,null:ipv6:tcp:http,HTTP/1.1 200 OK
253,3606,249.732568,::1,::1,HTTP,59569,8890,1776,(1700 bytes),0.000126000,"0x018 (PSH, ACK)",GET,null:ipv6:tcp:http,GET /api/contents/Documents/Final_Project/%D7%A7%D7%91%D7%A6%D7%99%20%D7%94%D7%92%D7%A9%D7%94/project_1.ipynb/checkpoints?1766592251532 HTTP/1.1
254,3608,249.740842,::1,::1,HTTP/JSON,8890,59569,503,(427 bytes),0.000126000,"0x018 (PSH, ACK)",,null:ipv6:tcp:http:json,"HTTP/1.1 200 OK , JSON (application/json)"
255,3623,249.896949,::1,::1,HTTP,59569,8890,1696,(1620 bytes),0.000126000,"0x018 (PSH, ACK)",GET,null:ipv6:tcp:http,GET /aext_assistant_server/get_disk_state?1766592251698 HTTP/1.1
256,3627,249.902980,::1,::1,HTTP/JSON,8890,59569,2533,(2457 bytes),0.000126000,"0x018 (PSH, ACK)",,null:ipv6:tcp:http:json,"HTTP/1.1 200 OK , JSON (application/json)"
257,3636,250.088998,::1,::1,HTTP,59569,8890,2029,(1953 bytes),0.000126000,"0x018 (PSH, ACK)",POST,null:ipv6:tcp:http:data-text-lines,POST /aext_assistant_server/sync_disk_state?1766592251890 HTTP/1.1  (text/plain)
258,3643,250.092764,::1,::1,HTTP,8890,59569,403,(327 bytes),0.000126000,"0x018 (PSH, ACK)",,null:ipv6:tcp:http,HTTP/1.1 200 OK
259,3801,278.735075,::1,::1,HTTP,59581,8890,1772,(1696 bytes),0.000100000,"0x018 (PSH, ACK)",GET,null:ipv6:tcp:http,GET /panel-preview/layout/Documents/Final_Project/%D7%A7%D7%91%D7%A6%D7%99%20%D7%94%D7%92%D7%A9%D7%94/project_1.ipynb?1766592280533 HTTP/1.1
260,3807,278.736285,::1,::1,HTTP,59582,8890,1781,(1705 bytes),0.000114000,"0x018 (PSH, ACK)",GET,null:ipv6:tcp:http,GET /api/contents/Documents/Final_Project/%D7%A7%D7%91%D7%A6%D7%99%20%D7%94%D7%92%D7%A9%D7%94/project_1.ipynb?content=0&hash=1&1766592280538 HTTP/1.1
261,3809,278.755354,::1,::1,HTTP,8890,59581,420,(344 bytes),0.000100000,"0x018 (PSH, ACK)",,null:ipv6:tcp:http,HTTP/1.1 200 OK
262,3811,278.768602,::1,::1,HTTP/JSON,8890,59582,906,(830 bytes),0.000114000,"0x018 (PSH, ACK)",,null:ipv6:tcp:http:json,"HTTP/1.1 200 OK , JSON (application/json)"
263,3820,278.772762,::1,::1,HTTP,59582,8890,9702,(9626 bytes),0.000114000,"0x018 (PSH, ACK)",PUT,null:ipv6:tcp:http:data-text-lines,PUT /api/contents/Documents/Final_Project/%D7%A7%D7%91%D7%A6%D7%99%20%D7%94%D7%92%D7%A9%D7%94/project_1.ipynb?1766592280574 HTTP/1.1  (text/plain)
264,3823,278.805657,::1,::1,HTTP/JSON,8890,59582,928,(852 bytes),0.000114000,"0x018 (PSH, ACK)",,null:ipv6:tcp:http:json,"HTTP/1.1 200 OK , JSON (application/json)"
265,3837,278.818917,::1,::1,HTTP,59582,8890,1781,(1705 bytes),0.000114000,"0x018 (PSH, ACK)",GET,null:ipv6:tcp:http,GET /api/contents/Documents/Final_Project/%D7%A7%D7%91%D7%A6%D7%99%20%D7%94%D7%92%D7%A9%D7%94/project_1.ipynb?content=0&hash=1&1766592280621 HTTP/1.1
266,3839,278.821411,::1,::1,HTTP/JSON,8890,59582,906,(830 bytes),0.000114000,"0x018 (PSH, ACK)",,null:ipv6:tcp:http:json,"HTTP/1.1 200 OK , JSON (application/json)"
267,3847,278.825248,::1,::1,HTTP,59582,8890,1776,(1700 bytes),0.000114000,"0x018 (PSH, ACK)",GET,null:ipv6:tcp:http,GET /api/contents/Documents/Final_Project/%D7%A7%D7%91%D7%A6%D7%99%20%D7%94%D7%92%D7%A9%D7%94/project_1.ipynb/checkpoints?1766592280627 HTTP/1.1
268,3848,278.825292,::1,::1,HTTP,59581,8890,1776,(1700 bytes),0.000100000,"0x018 (PSH, ACK)",GET,null:ipv6:tcp:http,GET /api/contents/Documents/Final_Project/%D7%A7%D7%91%D7%A6%D7%99%20%D7%94%D7%92%D7%A9%D7%94/project_1.ipynb/checkpoints?1766592280627 HTTP/1.1
269,3851,278.828745,::1,::1,HTTP/JSON,8890,59582,503,(427 bytes),0.000114000,"0x018 (PSH, ACK)",,null:ipv6:tcp:http:json,"HTTP/1.1 200 OK , JSON (application/json)"
270,3853,278.829396,::1,::1,HTTP/JSON,8890,59581,503,(427 bytes),0.000100000,"0x018 (PSH, ACK)",,null:ipv6:tcp:http:json,"HTTP/1.1 200 OK , JSON (application/json)"
271,4006,301.924737,::1,::1,HTTP,59588,8890,1396,(1320 bytes),0.000138000,"0x018 (PSH, ACK)",GET,null:ipv6:tcp:http,GET /aext_project_filebrowser_server/project/list HTTP/1.1
272,4008,301.927108,::1,::1,HTTP,8890,59588,410,(334 bytes),0.000138000,"0x018 (PSH, ACK)",,null:ipv6:tcp:http,HTTP/1.1 101 Switching Protocols
273,4123,323.929520,::1,::1,HTTP,59595,8890,1396,(1320 bytes),0.000083000,"0x018 (PSH, ACK)",GET,null:ipv6:tcp:http,GET /aext_project_filebrowser_server/project/list HTTP/1.1
274,4125,323.938894,::1,::1,HTTP,8890,59595,410,(334 bytes),0.000083000,"0x018 (PSH, ACK)",,null:ipv6:tcp:http,HTTP/1.1 101 Switching Protocols
275,4245,337.734320,::1,::1,HTTP,59599,8890,1396,(1320 bytes),0.000130000,"0x018 (PSH, ACK)",GET,null:ipv6:tcp:http,GET /aext_project_filebrowser_server/project/list HTTP/1.1
276,4247,337.738439,::1,::1,HTTP,8890,59599,410,(334 bytes),0.000130000,"0x018 (PSH, ACK)",,null:ipv6:tcp:http,HTTP/1.1 101 Switching Protocols
277,4708,414.700451,::1,::1,HTTP,59630,8890,1776,(1700 bytes),0.000121000,"0x018 (PSH, ACK)",GET,null:ipv6:tcp:http,GET /api/contents/Documents/Final_Project/%D7%A7%D7%91%D7%A6%D7%99%20%D7%94%D7%92%D7%A9%D7%94/project_1.ipynb/checkpoints?1766592416495 HTTP/1.1
278,4718,414.711979,::1,::1,HTTP,59632,8890,1672,(1596 bytes),0.000089000,"0x018 (PSH, ACK)",GET,null:ipv6:tcp:http,GET /api/sessions?1766592416499 HTTP/1.1
279,4724,414.716839,::1,::1,HTTP,59633,8890,1673,(1597 bytes),0.000170000,"0x018 (PSH, ACK)",GET,null:ipv6:tcp:http,GET /api/terminals?1766592416500 HTTP/1.1
280,4730,414.720878,::1,::1,HTTP,59634,8890,1671,(1595 bytes),0.000108000,"0x018 (PSH, ACK)",GET,null:ipv6:tcp:http,GET /api/kernels?1766592416501 HTTP/1.1
281,4732,414.721091,::1,::1,HTTP,59635,8890,1689,(1613 bytes),0.000106000,"0x018 (PSH, ACK)",GET,null:ipv6:tcp:http,GET /api/contents?content=1&hash=0&1766592416501 HTTP/1.1
282,4734,414.754790,::1,::1,HTTP/JSON,8890,59632,1579,(1503 bytes),0.000089000,"0x018 (PSH, ACK)",,null:ipv6:tcp:http:json,"HTTP/1.1 200 OK , JSON (application/json)"
283,4736,414.756192,::1,::1,HTTP/JSON,8890,59633,434,(358 bytes),0.000170000,"0x018 (PSH, ACK)",,null:ipv6:tcp:http:json,"HTTP/1.1 200 OK , JSON (application/json)"
284,4738,414.757734,::1,::1,HTTP/JSON,8890,59634,766,(690 bytes),0.000108000,"0x018 (PSH, ACK)",,null:ipv6:tcp:http:json,"HTTP/1.1 200 OK , JSON (application/json)"
285,4740,414.759485,::1,::1,HTTP/JSON,8890,59630,503,(427 bytes),0.000121000,"0x018 (PSH, ACK)",,null:ipv6:tcp:http:json,"HTTP/1.1 200 OK , JSON (application/json)"
286,4820,414.781380,::1,::1,HTTP/JSON,8890,59635,4353,(4277 bytes),0.000106000,"0x018 (PSH, ACK)",,null:ipv6:tcp:http:json,"HTTP/1.1 200 OK , JSON (application/json)"
287,4828,415.048144,::1,::1,HTTP,59635,8890,1696,(1620 bytes),0.000106000,"0x018 (PSH, ACK)",GET,null:ipv6:tcp:http,GET /aext_assistant_server/get_disk_state?1766592416849 HTTP/1.1
288,4832,415.057739,::1,::1,HTTP/JSON,8890,59635,2533,(2457 bytes),0.000106000,"0x018 (PSH, ACK)",,null:ipv6:tcp:http:json,"HTTP/1.1 200 OK , JSON (application/json)"
289,4848,415.290648,::1,::1,HTTP,59635,8890,2029,(1953 bytes),0.000106000,"0x018 (PSH, ACK)",POST,null:ipv6:tcp:http:data-text-lines,POST /aext_assistant_server/sync_disk_state?1766592417092 HTTP/1.1  (text/plain)
290,4855,415.298708,::1,::1,HTTP,8890,59635,403,(327 bytes),0.000106000,"0x018 (PSH, ACK)",,null:ipv6:tcp:http,HTTP/1.1 200 OK
291,4868,416.766223,::1,::1,HTTP,59635,8890,1776,(1700 bytes),0.000106000,"0x018 (PSH, ACK)",GET,null:ipv6:tcp:http,GET /api/contents/Documents/Final_Project/%D7%A7%D7%91%D7%A6%D7%99%20%D7%94%D7%92%D7%A9%D7%94/project_1.ipynb/checkpoints?1766592418567 HTTP/1.1
292,4870,416.770109,::1,::1,HTTP/JSON,8890,59635,503,(427 bytes),0.000106000,"0x018 (PSH, ACK)",,null:ipv6:tcp:http:json,"HTTP/1.1 200 OK , JSON (application/json)"
293,4896,418.781596,::1,::1,HTTP,59639,8890,1776,(1700 bytes),0.000172000,"0x018 (PSH, ACK)",GET,null:ipv6:tcp:http,GET /api/contents/Documents/Final_Project/%D7%A7%D7%91%D7%A6%D7%99%20%D7%94%D7%92%D7%A9%D7%94/project_1.ipynb/checkpoints?1766592420576 HTTP/1.1
294,4898,418.786235,::1,::1,HTTP/JSON,8890,59639,503,(427 bytes),0.000172000,"0x018 (PSH, ACK)",,null:ipv6:tcp:http:json,"HTTP/1.1 200 OK , JSON (application/json)"
295,4926,420.789642,::1,::1,HTTP,59639,8890,1776,(1700 bytes),0.000172000,"0x018 (PSH, ACK)",GET,null:ipv6:tcp:http,GET /api/contents/Documents/Final_Project/%D7%A7%D7%91%D7%A6%D7%99%20%D7%94%D7%92%D7%A9%D7%94/project_1.ipynb/checkpoints?1766592422591 HTTP/1.1
296,4928,420.795544,::1,::1,HTTP/JSON,8890,59639,503,(427 bytes),0.000172000,"0x018 (PSH, ACK)",,null:ipv6:tcp:http:json,"HTTP/1.1 200 OK , JSON (application/json)"
297,4953,422.799254,::1,::1,HTTP,59641,8890,1776,(1700 bytes),0.000158000,"0x018 (PSH, ACK)",GET,null:ipv6:tcp:http,GET /api/contents/Documents/Final_Project/%D7%A7%D7%91%D7%A6%D7%99%20%D7%94%D7%92%D7%A9%D7%94/project_1.ipynb/checkpoints?1766592424600 HTTP/1.1
298,4955,422.803314,::1,::1,HTTP/JSON,8890,59641,503,(427 bytes),0.000158000,"0x018 (PSH, ACK)",,null:ipv6:tcp:http:json,"HTTP/1.1 200 OK , JSON (application/json)"
299,4974,424.602029,::1,::1,HTTP,59641,8890,1622,(1546 bytes),0.000158000,"0x018 (PSH, ACK)",GET,null:ipv6:tcp:http,GET /static/favicons/favicon-busy-1.ico HTTP/1.1
300,4976,424.606019,::1,::1,HTTP,8890,59641,383,(307 bytes),0.000158000,"0x018 (PSH, ACK)",,null:ipv6:tcp:http,HTTP/1.1 304 Not Modified
301,5025,424.666758,::1,::1,HTTP,59641,8890,1622,(1546 bytes),0.000158000,"0x018 (PSH, ACK)",GET,null:ipv6:tcp:http,GET /static/favicons/favicon-busy-1.ico HTTP/1.1
302,5031,424.668092,::1,::1,HTTP,8890,59641,383,(307 bytes),0.000158000,"0x018 (PSH, ACK)",,null:ipv6:tcp:http,HTTP/1.1 304 Not Modified
303,5034,424.761193,::1,::1,HTTP,59641,8890,1672,(1596 bytes),0.000158000,"0x018 (PSH, ACK)",GET,null:ipv6:tcp:http,GET /api/sessions?1766592426562 HTTP/1.1
304,5040,424.762015,::1,::1,HTTP,59642,8890,1673,(1597 bytes),0.000344000,"0x018 (PSH, ACK)",GET,null:ipv6:tcp:http,GET /api/terminals?1766592426562 HTTP/1.1
305,5045,424.762154,::1,::1,HTTP,59643,8890,1671,(1595 bytes),0.000179000,"0x018 (PSH, ACK)",GET,null:ipv6:tcp:http,GET /api/kernels?1766592426562 HTTP/1.1
306,5047,424.763366,::1,::1,HTTP/JSON,8890,59642,434,(358 bytes),0.000344000,"0x018 (PSH, ACK)",,null:ipv6:tcp:http:json,"HTTP/1.1 200 OK , JSON (application/json)"
307,5049,424.764048,::1,::1,HTTP/JSON,8890,59641,1579,(1503 bytes),0.000158000,"0x018 (PSH, ACK)",,null:ipv6:tcp:http:json,"HTTP/1.1 200 OK , JSON (application/json)"
308,5051,424.764922,::1,::1,HTTP/JSON,8890,59643,766,(690 bytes),0.000179000,"0x018 (PSH, ACK)",,null:ipv6:tcp:http:json,"HTTP/1.1 200 OK , JSON (application/json)"
309,5053,424.785813,::1,::1,HTTP,59643,8890,1689,(1613 bytes),0.000179000,"0x018 (PSH, ACK)",GET,null:ipv6:tcp:http,GET /api/contents?content=1&hash=0&1766592426587 HTTP/1.1
310,5133,424.801201,::1,::1,HTTP/JSON,8890,59643,4353,(4277 bytes),0.000179000,"0x018 (PSH, ACK)",,null:ipv6:tcp:http:json,"HTTP/1.1 200 OK , JSON (application/json)"
311,5141,424.806934,::1,::1,HTTP,59643,8890,1776,(1700 bytes),0.000179000,"0x018 (PSH, ACK)",GET,null:ipv6:tcp:http,GET /api/contents/Documents/Final_Project/%D7%A7%D7%91%D7%A6%D7%99%20%D7%94%D7%92%D7%A9%D7%94/project_1.ipynb/checkpoints?1766592426608 HTTP/1.1
312,5143,424.808979,::1,::1,HTTP/JSON,8890,59643,503,(427 bytes),0.000179000,"0x018 (PSH, ACK)",,null:ipv6:tcp:http:json,"HTTP/1.1 200 OK , JSON (application/json)"
313,5168,425.946785,::1,::1,HTTP,59644,8890,1396,(1320 bytes),0.000122000,"0x018 (PSH, ACK)",GET,null:ipv6:tcp:http,GET /aext_project_filebrowser_server/project/list HTTP/1.1
314,5170,425.953480,::1,::1,HTTP,8890,59644,410,(334 bytes),0.000122000,"0x018 (PSH, ACK)",,null:ipv6:tcp:http,HTTP/1.1 101 Switching Protocols
315,5183,426.814208,::1,::1,HTTP,59643,8890,1776,(1700 bytes),0.000179000,"0x018 (PSH, ACK)",GET,null:ipv6:tcp:http,GET /api/contents/Documents/Final_Project/%D7%A7%D7%91%D7%A6%D7%99%20%D7%94%D7%92%D7%A9%D7%94/project_1.ipynb/checkpoints?1766592428616 HTTP/1.1
316,5185,426.818001,::1,::1,HTTP/JSON,8890,59643,503,(427 bytes),0.000179000,"0x018 (PSH, ACK)",,null:ipv6:tcp:http:json,"HTTP/1.1 200 OK , JSON (application/json)"
317,5205,428.821777,::1,::1,HTTP,59645,8890,1776,(1700 bytes),0.000124000,"0x018 (PSH, ACK)",GET,null:ipv6:tcp:http,GET /api/contents/Documents/Final_Project/%D7%A7%D7%91%D7%A6%D7%99%20%D7%94%D7%92%D7%A9%D7%94/project_1.ipynb/checkpoints?1766592430622 HTTP/1.1
318,5207,428.827336,::1,::1,HTTP/JSON,8890,59645,503,(427 bytes),0.000124000,"0x018 (PSH, ACK)",,null:ipv6:tcp:http:json,"HTTP/1.1 200 OK , JSON (application/json)"
319,5223,430.836594,::1,::1,HTTP,59645,8890,1776,(1700 bytes),0.000124000,"0x018 (PSH, ACK)",GET,null:ipv6:tcp:http,GET /api/contents/Documents/Final_Project/%D7%A7%D7%91%D7%A6%D7%99%20%D7%94%D7%92%D7%A9%D7%94/project_1.ipynb/checkpoints?1766592432636 HTTP/1.1
320,5225,430.842198,::1,::1,HTTP/JSON,8890,59645,503,(427 bytes),0.000124000,"0x018 (PSH, ACK)",,null:ipv6:tcp:http:json,"HTTP/1.1 200 OK , JSON (application/json)"
321,5242,432.850658,::1,::1,HTTP,59648,8890,1776,(1700 bytes),0.000155000,"0x018 (PSH, ACK)",GET,null:ipv6:tcp:http,GET /api/contents/Documents/Final_Project/%D7%A7%D7%91%D7%A6%D7%99%20%D7%94%D7%92%D7%A9%D7%94/project_1.ipynb/checkpoints?1766592434650 HTTP/1.1
322,5244,432.856542,::1,::1,HTTP/JSON,8890,59648,503,(427 bytes),0.000155000,"0x018 (PSH, ACK)",,null:ipv6:tcp:http:json,"HTTP/1.1 200 OK , JSON (application/json)"
323,5255,434.769406,::1,::1,HTTP,59648,8890,1673,(1597 bytes),0.000155000,"0x018 (PSH, ACK)",GET,null:ipv6:tcp:http,GET /api/terminals?1766592436568 HTTP/1.1
324,5261,434.769603,::1,::1,HTTP,59649,8890,1672,(1596 bytes),0.000151000,"0x018 (PSH, ACK)",GET,null:ipv6:tcp:http,GET /api/sessions?1766592436568 HTTP/1.1
325,5266,434.769673,::1,::1,HTTP,59650,8890,1671,(1595 bytes),0.000081000,"0x018 (PSH, ACK)",GET,null:ipv6:tcp:http,GET /api/kernels?1766592436569 HTTP/1.1
326,5268,434.777085,::1,::1,HTTP/JSON,8890,59648,434,(358 bytes),0.000155000,"0x018 (PSH, ACK)",,null:ipv6:tcp:http:json,"HTTP/1.1 200 OK , JSON (application/json)"
327,5270,434.780054,::1,::1,HTTP/JSON,8890,59649,1579,(1503 bytes),0.000151000,"0x018 (PSH, ACK)",,null:ipv6:tcp:http:json,"HTTP/1.1 200 OK , JSON (application/json)"
328,5272,434.781855,::1,::1,HTTP/JSON,8890,59650,766,(690 bytes),0.000081000,"0x018 (PSH, ACK)",,null:ipv6:tcp:http:json,"HTTP/1.1 200 OK , JSON (application/json)"
329,5274,434.804870,::1,::1,HTTP,59650,8890,1689,(1613 bytes),0.000081000,"0x018 (PSH, ACK)",GET,null:ipv6:tcp:http,GET /api/contents?content=1&hash=0&1766592436606 HTTP/1.1
330,5358,434.842372,::1,::1,HTTP/JSON,8890,59650,4353,(4277 bytes),0.000081000,"0x018 (PSH, ACK)",,null:ipv6:tcp:http:json,"HTTP/1.1 200 OK , JSON (application/json)"
331,5366,434.862348,::1,::1,HTTP,59650,8890,1776,(1700 bytes),0.000081000,"0x018 (PSH, ACK)",GET,null:ipv6:tcp:http,GET /api/contents/Documents/Final_Project/%D7%A7%D7%91%D7%A6%D7%99%20%D7%94%D7%92%D7%A9%D7%94/project_1.ipynb/checkpoints?1766592436664 HTTP/1.1
332,5368,434.865051,::1,::1,HTTP/JSON,8890,59650,503,(427 bytes),0.000081000,"0x018 (PSH, ACK)",,null:ipv6:tcp:http:json,"HTTP/1.1 200 OK , JSON (application/json)"
333,5384,436.868284,::1,::1,HTTP,59650,8890,1776,(1700 bytes),0.000081000,"0x018 (PSH, ACK)",GET,null:ipv6:tcp:http,GET /api/contents/Documents/Final_Project/%D7%A7%D7%91%D7%A6%D7%99%20%D7%94%D7%92%D7%A9%D7%94/project_1.ipynb/checkpoints?1766592438669 HTTP/1.1
334,5386,436.873632,::1,::1,HTTP/JSON,8890,59650,503,(427 bytes),0.000081000,"0x018 (PSH, ACK)",,null:ipv6:tcp:http:json,"HTTP/1.1 200 OK , JSON (application/json)"
335,5404,438.879605,::1,::1,HTTP,59651,8890,1776,(1700 bytes),0.000296000,"0x018 (PSH, ACK)",GET,null:ipv6:tcp:http,GET /api/contents/Documents/Final_Project/%D7%A7%D7%91%D7%A6%D7%99%20%D7%94%D7%92%D7%A9%D7%94/project_1.ipynb/checkpoints?1766592440679 HTTP/1.1
336,5406,438.885616,::1,::1,HTTP/JSON,8890,59651,503,(427 bytes),0.000296000,"0x018 (PSH, ACK)",,null:ipv6:tcp:http:json,"HTTP/1.1 200 OK , JSON (application/json)"
337,5415,440.888359,::1,::1,HTTP,59651,8890,1776,(1700 bytes),0.000296000,"0x018 (PSH, ACK)",GET,null:ipv6:tcp:http,GET /api/contents/Documents/Final_Project/%D7%A7%D7%91%D7%A6%D7%99%20%D7%94%D7%92%D7%A9%D7%94/project_1.ipynb/checkpoints?1766592442690 HTTP/1.1
338,5417,440.895491,::1,::1,HTTP/JSON,8890,59651,503,(427 bytes),0.000296000,"0x018 (PSH, ACK)",,null:ipv6:tcp:http:json,"HTTP/1.1 200 OK , JSON (application/json)"
339,5447,442.904788,::1,::1,HTTP,59654,8890,1776,(1700 bytes),0.000156000,"0x018 (PSH, ACK)",GET,null:ipv6:tcp:http,GET /api/contents/Documents/Final_Project/%D7%A7%D7%91%D7%A6%D7%99%20%D7%94%D7%92%D7%A9%D7%94/project_1.ipynb/checkpoints?1766592444701 HTTP/1.1
340,5449,442.910802,::1,::1,HTTP/JSON,8890,59654,503,(427 bytes),0.000156000,"0x018 (PSH, ACK)",,null:ipv6:tcp:http:json,"HTTP/1.1 200 OK , JSON (application/json)"
341,5451,443.684819,::1,::1,HTTP,59654,8890,1823,(1747 bytes),0.000156000,"0x018 (PSH, ACK)",GET,null:ipv6:tcp:http,GET /api/contents/Documents/Final_Project/%D7%A7%D7%91%D7%A6%D7%99%20%D7%A2%D7%96%D7%A8/raw_tcp_ip_notebook_fallback_annotated-v1.ipynb/checkpoints?1766592445467 HTTP/1.1
342,5453,443.689836,::1,::1,HTTP/JSON,8890,59654,503,(427 bytes),0.000156000,"0x018 (PSH, ACK)",,null:ipv6:tcp:http:json,"HTTP/1.1 200 OK , JSON (application/json)"
343,5455,443.691057,::1,::1,HTTP,59654,8890,1692,(1616 bytes),0.000156000,"0x018 (PSH, ACK)",GET,null:ipv6:tcp:http,GET /api/kernels?1766592445467 HTTP/1.1
344,5466,443.691901,::1,::1,HTTP,59657,8890,1694,(1618 bytes),0.000141000,"0x018 (PSH, ACK)",GET,null:ipv6:tcp:http,GET /api/terminals?1766592445469 HTTP/1.1
345,5468,443.691936,::1,::1,HTTP,59658,8890,1693,(1617 bytes),0.000075000,"0x018 (PSH, ACK)",GET,null:ipv6:tcp:http,GET /api/sessions?1766592445470 HTTP/1.1
346,5473,443.692021,::1,::1,HTTP,59659,8890,1710,(1634 bytes),0.000136000,"0x018 (PSH, ACK)",GET,null:ipv6:tcp:http,GET /api/contents?content=1&hash=0&1766592445470 HTTP/1.1
347,5475,443.696347,::1,::1,HTTP/JSON,8890,59654,766,(690 bytes),0.000156000,"0x018 (PSH, ACK)",,null:ipv6:tcp:http:json,"HTTP/1.1 200 OK , JSON (application/json)"
348,5477,443.703005,::1,::1,HTTP/JSON,8890,59657,434,(358 bytes),0.000141000,"0x018 (PSH, ACK)",,null:ipv6:tcp:http:json,"HTTP/1.1 200 OK , JSON (application/json)"
349,5479,443.704064,::1,::1,HTTP/JSON,8890,59658,1579,(1503 bytes),0.000075000,"0x018 (PSH, ACK)",,null:ipv6:tcp:http:json,"HTTP/1.1 200 OK , JSON (application/json)"
350,5559,443.730067,::1,::1,HTTP/JSON,8890,59659,4353,(4277 bytes),0.000136000,"0x018 (PSH, ACK)",,null:ipv6:tcp:http:json,"HTTP/1.1 200 OK , JSON (application/json)"
351,5567,443.954004,::1,::1,HTTP,59659,8890,1696,(1620 bytes),0.000136000,"0x018 (PSH, ACK)",GET,null:ipv6:tcp:http,GET /aext_assistant_server/get_disk_state?1766592445755 HTTP/1.1
352,5571,443.959427,::1,::1,HTTP/JSON,8890,59659,2533,(2457 bytes),0.000136000,"0x018 (PSH, ACK)",,null:ipv6:tcp:http:json,"HTTP/1.1 200 OK , JSON (application/json)"
353,5583,443.980866,::1,::1,HTTP,59659,8890,1717,(1641 bytes),0.000136000,"0x018 (PSH, ACK)",GET,null:ipv6:tcp:http,GET /aext_assistant_server/get_disk_state?1766592445782 HTTP/1.1
354,5587,443.986558,::1,::1,HTTP/JSON,8890,59659,2533,(2457 bytes),0.000136000,"0x018 (PSH, ACK)",,null:ipv6:tcp:http:json,"HTTP/1.1 200 OK , JSON (application/json)"
355,5596,444.154404,::1,::1,HTTP,59659,8890,1892,(1816 bytes),0.000136000,"0x018 (PSH, ACK)",POST,null:ipv6:tcp:http:data-text-lines,POST /aext_assistant_server/sync_disk_state?1766592445952 HTTP/1.1  (text/plain)
356,5603,444.157712,::1,::1,HTTP,8890,59659,403,(327 bytes),0.000136000,"0x018 (PSH, ACK)",,null:ipv6:tcp:http,HTTP/1.1 200 OK
357,5610,444.319880,::1,::1,HTTP,59659,8890,708,(632 bytes),0.000136000,"0x018 (PSH, ACK)",POST,null:ipv6:tcp:http:data-text-lines,POST /aext_assistant_server/sync_disk_state?1766592446119 HTTP/1.1  (text/plain)
358,5617,444.324823,::1,::1,HTTP,8890,59659,403,(327 bytes),0.000136000,"0x018 (PSH, ACK)",,null:ipv6:tcp:http,HTTP/1.1 200 OK
359,5626,445.701817,::1,::1,HTTP,59659,8890,1823,(1747 bytes),0.000136000,"0x018 (PSH, ACK)",GET,null:ipv6:tcp:http,GET /api/contents/Documents/Final_Project/%D7%A7%D7%91%D7%A6%D7%99%20%D7%A2%D7%96%D7%A8/raw_tcp_ip_notebook_fallback_annotated-v1.ipynb/checkpoints?1766592447500 HTTP/1.1
360,5628,445.707974,::1,::1,HTTP/JSON,8890,59659,503,(427 bytes),0.000136000,"0x018 (PSH, ACK)",,null:ipv6:tcp:http:json,"HTTP/1.1 200 OK , JSON (application/json)"
361,5630,445.730489,::1,::1,HTTP,59659,8890,1673,(1597 bytes),0.000136000,"0x018 (PSH, ACK)",GET,null:ipv6:tcp:http,GET /api/terminals?1766592447531 HTTP/1.1
362,5631,445.730529,::1,::1,HTTP,59658,8890,1672,(1596 bytes),0.000075000,"0x018 (PSH, ACK)",GET,null:ipv6:tcp:http,GET /api/sessions?1766592447532 HTTP/1.1
363,5634,445.730700,::1,::1,HTTP,59657,8890,1671,(1595 bytes),0.000141000,"0x018 (PSH, ACK)",GET,null:ipv6:tcp:http,GET /api/kernels?1766592447532 HTTP/1.1
364,5636,445.730842,::1,::1,HTTP,59654,8890,1689,(1613 bytes),0.000156000,"0x018 (PSH, ACK)",GET,null:ipv6:tcp:http,GET /api/contents?content=1&hash=0&1766592447532 HTTP/1.1
365,5642,445.731364,::1,::1,HTTP,59660,8890,1776,(1700 bytes),0.000141000,"0x018 (PSH, ACK)",GET,null:ipv6:tcp:http,GET /api/contents/Documents/Final_Project/%D7%A7%D7%91%D7%A6%D7%99%20%D7%94%D7%92%D7%A9%D7%94/project_1.ipynb/checkpoints?1766592447532 HTTP/1.1
366,5644,445.733864,::1,::1,HTTP/JSON,8890,59659,434,(358 bytes),0.000136000,"0x018 (PSH, ACK)",,null:ipv6:tcp:http:json,"HTTP/1.1 200 OK , JSON (application/json)"
367,5646,445.737666,::1,::1,HTTP/JSON,8890,59658,1579,(1503 bytes),0.000075000,"0x018 (PSH, ACK)",,null:ipv6:tcp:http:json,"HTTP/1.1 200 OK , JSON (application/json)"
368,5648,445.742549,::1,::1,HTTP/JSON,8890,59657,766,(690 bytes),0.000141000,"0x018 (PSH, ACK)",,null:ipv6:tcp:http:json,"HTTP/1.1 200 OK , JSON (application/json)"
369,5650,445.749498,::1,::1,HTTP/JSON,8890,59660,503,(427 bytes),0.000141000,"0x018 (PSH, ACK)",,null:ipv6:tcp:http:json,"HTTP/1.1 200 OK , JSON (application/json)"
370,5730,445.772603,::1,::1,HTTP/JSON,8890,59654,4353,(4277 bytes),0.000156000,"0x018 (PSH, ACK)",,null:ipv6:tcp:http:json,"HTTP/1.1 200 OK , JSON (application/json)"
371,5780,447.716906,::1,::1,HTTP,59661,8890,1823,(1747 bytes),0.000086000,"0x018 (PSH, ACK)",GET,null:ipv6:tcp:http,GET /api/contents/Documents/Final_Project/%D7%A7%D7%91%D7%A6%D7%99%20%D7%A2%D7%96%D7%A8/raw_tcp_ip_notebook_fallback_annotated-v1.ipynb/checkpoints?1766592449517 HTTP/1.1
372,5782,447.720353,::1,::1,HTTP/JSON,8890,59661,503,(427 bytes),0.000086000,"0x018 (PSH, ACK)",,null:ipv6:tcp:http:json,"HTTP/1.1 200 OK , JSON (application/json)"
373,5788,447.730584,::1,::1,HTTP,59662,8890,1396,(1320 bytes),0.000103000,"0x018 (PSH, ACK)",GET,null:ipv6:tcp:http,GET /aext_project_filebrowser_server/project/list HTTP/1.1
374,5790,447.734028,::1,::1,HTTP,8890,59662,410,(334 bytes),0.000103000,"0x018 (PSH, ACK)",,null:ipv6:tcp:http,HTTP/1.1 101 Switching Protocols
375,5796,449.725368,::1,::1,HTTP,59661,8890,1823,(1747 bytes),0.000086000,"0x018 (PSH, ACK)",GET,null:ipv6:tcp:http,GET /api/contents/Documents/Final_Project/%D7%A7%D7%91%D7%A6%D7%99%20%D7%A2%D7%96%D7%A8/raw_tcp_ip_notebook_fallback_annotated-v1.ipynb/checkpoints?1766592451526 HTTP/1.1
376,5798,449.729556,::1,::1,HTTP/JSON,8890,59661,503,(427 bytes),0.000086000,"0x018 (PSH, ACK)",,null:ipv6:tcp:http:json,"HTTP/1.1 200 OK , JSON (application/json)"
377,5814,451.733042,::1,::1,HTTP,59661,8890,1823,(1747 bytes),0.000086000,"0x018 (PSH, ACK)",GET,null:ipv6:tcp:http,GET /api/contents/Documents/Final_Project/%D7%A7%D7%91%D7%A6%D7%99%20%D7%A2%D7%96%D7%A8/raw_tcp_ip_notebook_fallback_annotated-v1.ipynb/checkpoints?1766592453534 HTTP/1.1
378,5816,451.736718,::1,::1,HTTP/JSON,8890,59661,503,(427 bytes),0.000086000,"0x018 (PSH, ACK)",,null:ipv6:tcp:http:json,"HTTP/1.1 200 OK , JSON (application/json)"
379,5849,453.710940,::1,::1,HTTP,59665,8890,1692,(1616 bytes),0.000168000,"0x018 (PSH, ACK)",GET,null:ipv6:tcp:http,GET /api/kernels?1766592455503 HTTP/1.1
380,5851,453.711057,::1,::1,HTTP,59666,8890,1694,(1618 bytes),0.000329000,"0x018 (PSH, ACK)",GET,null:ipv6:tcp:http,GET /api/terminals?1766592455507 HTTP/1.1
381,5853,453.711092,::1,::1,HTTP,59667,8890,1693,(1617 bytes),0.000199000,"0x018 (PSH, ACK)",GET,null:ipv6:tcp:http,GET /api/sessions?1766592455508 HTTP/1.1
382,5855,453.725179,::1,::1,HTTP/JSON,8890,59665,766,(690 bytes),0.000168000,"0x018 (PSH, ACK)",,null:ipv6:tcp:http:json,"HTTP/1.1 200 OK , JSON (application/json)"
383,5857,453.726525,::1,::1,HTTP/JSON,8890,59666,434,(358 bytes),0.000329000,"0x018 (PSH, ACK)",,null:ipv6:tcp:http:json,"HTTP/1.1 200 OK , JSON (application/json)"
384,5859,453.728783,::1,::1,HTTP/JSON,8890,59667,1579,(1503 bytes),0.000199000,"0x018 (PSH, ACK)",,null:ipv6:tcp:http:json,"HTTP/1.1 200 OK , JSON (application/json)"
385,5861,453.733968,::1,::1,HTTP,59667,8890,1710,(1634 bytes),0.000199000,"0x018 (PSH, ACK)",GET,null:ipv6:tcp:http,GET /api/contents?content=1&hash=0&1766592455536 HTTP/1.1
386,5863,453.741289,::1,::1,HTTP,59666,8890,1823,(1747 bytes),0.000329000,"0x018 (PSH, ACK)",GET,null:ipv6:tcp:http,GET /api/contents/Documents/Final_Project/%D7%A7%D7%91%D7%A6%D7%99%20%D7%A2%D7%96%D7%A8/raw_tcp_ip_notebook_fallback_annotated-v1.ipynb/checkpoints?1766592455542 HTTP/1.1
387,5871,453.746088,::1,::1,HTTP/JSON,8890,59666,503,(427 bytes),0.000329000,"0x018 (PSH, ACK)",,null:ipv6:tcp:http:json,"HTTP/1.1 200 OK , JSON (application/json)"
388,5945,453.769470,::1,::1,HTTP/JSON,8890,59667,4353,(4277 bytes),0.000199000,"0x018 (PSH, ACK)",,null:ipv6:tcp:http:json,"HTTP/1.1 200 OK , JSON (application/json)"
389,5953,454.778456,::1,::1,HTTP,59667,8890,1717,(1641 bytes),0.000199000,"0x018 (PSH, ACK)",GET,null:ipv6:tcp:http,GET /aext_assistant_server/get_disk_state?1766592456570 HTTP/1.1
390,5957,454.784183,::1,::1,HTTP/JSON,8890,59667,1212,(1136 bytes),0.000199000,"0x018 (PSH, ACK)",,null:ipv6:tcp:http:json,"HTTP/1.1 200 OK , JSON (application/json)"
391,5966,455.002422,::1,::1,HTTP,59667,8890,708,(632 bytes),0.000199000,"0x018 (PSH, ACK)",POST,null:ipv6:tcp:http:data-text-lines,POST /aext_assistant_server/sync_disk_state?1766592456803 HTTP/1.1  (text/plain)
392,5973,455.009378,::1,::1,HTTP,8890,59667,403,(327 bytes),0.000199000,"0x018 (PSH, ACK)",,null:ipv6:tcp:http,HTTP/1.1 200 OK
393,6000,456.733084,::1,::1,HTTP,59667,8890,1823,(1747 bytes),0.000199000,"0x018 (PSH, ACK)",GET,null:ipv6:tcp:http,GET /api/contents/Documents/Final_Project/%D7%A7%D7%91%D7%A6%D7%99%20%D7%A2%D7%96%D7%A8/raw_tcp_ip_notebook_fallback_annotated-v1.ipynb/checkpoints?1766592458532 HTTP/1.1
394,6002,456.736451,::1,::1,HTTP/JSON,8890,59667,503,(427 bytes),0.000199000,"0x018 (PSH, ACK)",,null:ipv6:tcp:http:json,"HTTP/1.1 200 OK , JSON (application/json)"